ori,des,free_flow_time,var
1,547,0,0
2,548,0,0
3,549,0,0
4,550,0,0
5,551,0,0
6,552,0,0
7,553,0,0
8,554,0,0
9,555,0,0
10,556,0,0
11,557,0,0
12,558,0,0
13,559,0,0
14,560,0,0
15,561,0,0
16,562,0,0
17,563,0,0
18,564,0,0
19,565,0,0
20,566,0,0
21,567,0,0
22,568,0,0
23,569,0,0
24,570,0,0
25,571,0,0
26,572,0,0
27,573,0,0
28,574,0,0
29,575,0,0
30,576,0,0
31,577,0,0
32,578,0,0
33,579,0,0
34,580,0,0
35,581,0,0
36,582,0,0
37,583,0,0
38,584,0,0
39,585,0,0
40,586,0,0
41,587,0,0
42,588,0,0
43,589,0,0
44,590,0,0
45,591,0,0
46,592,0,0
47,593,0,0
48,594,0,0
49,595,0,0
50,596,0,0
51,597,0,0
52,598,0,0
53,599,0,0
54,600,0,0
55,601,0,0
56,602,0,0
57,603,0,0
58,604,0,0
59,605,0,0
60,606,0,0
61,607,0,0
62,608,0,0
63,609,0,0
64,610,0,0
65,611,0,0
66,612,0,0
67,613,0,0
68,614,0,0
69,615,0,0
70,616,0,0
71,617,0,0
72,618,0,0
73,619,0,0
74,620,0,0
75,621,0,0
76,622,0,0
77,623,0,0
78,624,0,0
79,625,0,0
80,626,0,0
81,627,0,0
82,628,0,0
83,629,0,0
84,630,0,0
85,631,0,0
86,632,0,0
87,633,0,0
88,634,0,0
89,635,0,0
90,636,0,0
91,637,0,0
92,638,0,0
93,639,0,0
94,640,0,0
95,641,0,0
96,642,0,0
97,643,0,0
98,644,0,0
99,645,0,0
100,646,0,0
101,647,0,0
102,648,0,0
103,649,0,0
104,650,0,0
105,651,0,0
106,652,0,0
107,653,0,0
108,654,0,0
109,655,0,0
110,656,0,0
111,657,0,0
112,658,0,0
113,659,0,0
114,660,0,0
115,661,0,0
116,662,0,0
117,663,0,0
118,664,0,0
119,665,0,0
120,666,0,0
121,667,0,0
122,668,0,0
123,669,0,0
124,670,0,0
125,671,0,0
126,672,0,0
127,673,0,0
128,674,0,0
129,675,0,0
130,676,0,0
131,677,0,0
132,678,0,0
133,679,0,0
134,680,0,0
135,681,0,0
136,682,0,0
137,683,0,0
138,684,0,0
139,685,0,0
140,686,0,0
141,687,0,0
142,688,0,0
143,689,0,0
144,690,0,0
145,691,0,0
146,692,0,0
147,693,0,0
148,694,0,0
149,695,0,0
150,696,0,0
151,697,0,0
152,698,0,0
153,699,0,0
154,700,0,0
155,701,0,0
156,702,0,0
157,703,0,0
158,704,0,0
159,705,0,0
160,706,0,0
161,707,0,0
162,708,0,0
163,709,0,0
164,710,0,0
165,711,0,0
166,712,0,0
167,713,0,0
168,714,0,0
169,715,0,0
170,716,0,0
171,717,0,0
172,718,0,0
173,719,0,0
174,720,0,0
175,721,0,0
176,722,0,0
177,723,0,0
178,724,0,0
179,725,0,0
180,726,0,0
181,727,0,0
182,728,0,0
183,729,0,0
184,730,0,0
185,731,0,0
186,732,0,0
187,733,0,0
188,734,0,0
189,735,0,0
190,736,0,0
191,737,0,0
192,738,0,0
193,739,0,0
194,740,0,0
195,741,0,0
196,742,0,0
197,743,0,0
198,744,0,0
199,745,0,0
200,746,0,0
201,747,0,0
202,748,0,0
203,749,0,0
204,750,0,0
205,751,0,0
206,752,0,0
207,753,0,0
208,754,0,0
209,755,0,0
210,756,0,0
211,757,0,0
212,758,0,0
213,759,0,0
214,760,0,0
215,761,0,0
216,762,0,0
217,763,0,0
218,764,0,0
219,765,0,0
220,766,0,0
221,767,0,0
222,768,0,0
223,769,0,0
224,770,0,0
225,771,0,0
226,772,0,0
227,773,0,0
228,774,0,0
229,775,0,0
230,776,0,0
231,777,0,0
232,778,0,0
233,779,0,0
234,780,0,0
235,781,0,0
236,782,0,0
237,783,0,0
238,784,0,0
239,785,0,0
240,786,0,0
241,787,0,0
242,788,0,0
243,789,0,0
244,790,0,0
245,791,0,0
246,792,0,0
247,793,0,0
248,794,0,0
249,795,0,0
250,796,0,0
251,797,0,0
252,798,0,0
253,799,0,0
254,800,0,0
255,801,0,0
256,802,0,0
257,803,0,0
258,804,0,0
259,805,0,0
260,806,0,0
261,807,0,0
262,808,0,0
263,809,0,0
264,810,0,0
265,811,0,0
266,812,0,0
267,813,0,0
268,814,0,0
269,815,0,0
270,816,0,0
271,817,0,0
272,818,0,0
273,819,0,0
274,820,0,0
275,821,0,0
276,822,0,0
277,823,0,0
278,824,0,0
279,825,0,0
280,826,0,0
281,827,0,0
282,828,0,0
283,829,0,0
284,830,0,0
285,831,0,0
286,832,0,0
287,833,0,0
288,834,0,0
289,835,0,0
290,836,0,0
291,837,0,0
292,838,0,0
293,839,0,0
294,840,0,0
295,841,0,0
296,842,0,0
297,843,0,0
298,844,0,0
299,845,0,0
300,846,0,0
301,847,0,0
302,848,0,0
303,849,0,0
304,850,0,0
305,851,0,0
306,852,0,0
307,853,0,0
308,854,0,0
309,855,0,0
310,856,0,0
311,857,0,0
312,858,0,0
313,859,0,0
314,860,0,0
315,861,0,0
316,862,0,0
317,863,0,0
318,864,0,0
319,865,0,0
320,866,0,0
321,867,0,0
322,868,0,0
323,869,0,0
324,870,0,0
325,871,0,0
326,872,0,0
327,873,0,0
328,874,0,0
329,875,0,0
330,876,0,0
331,877,0,0
332,878,0,0
333,879,0,0
334,880,0,0
335,881,0,0
336,882,0,0
337,883,0,0
338,884,0,0
339,885,0,0
340,886,0,0
341,887,0,0
342,888,0,0
343,889,0,0
344,890,0,0
345,891,0,0
346,892,0,0
347,893,0,0
348,894,0,0
349,895,0,0
350,896,0,0
351,897,0,0
352,898,0,0
353,899,0,0
354,900,0,0
355,901,0,0
356,902,0,0
357,903,0,0
358,904,0,0
359,905,0,0
360,906,0,0
361,907,0,0
362,908,0,0
363,909,0,0
364,910,0,0
365,911,0,0
366,912,0,0
367,913,0,0
368,914,0,0
369,915,0,0
370,916,0,0
371,917,0,0
372,918,0,0
373,919,0,0
374,920,0,0
375,921,0,0
376,922,0,0
377,923,0,0
378,924,0,0
379,925,0,0
380,926,0,0
381,927,0,0
382,928,0,0
383,929,0,0
384,930,0,0
385,931,0,0
386,932,0,0
387,933,0,0
388,390,11.09,4.919524
388,391,5.98,1.430416
388,708,2.9,0.3364
388,802,4.78,0.913936
389,390,4.34,0.753424
389,801,9.58,3.671056
389,914,3.96,0.627264
390,388,11.09,4.919524
390,389,4.34,0.753424
390,925,6.93,1.920996
391,388,5.98,1.430416
391,392,4.22,7.12E-01
391,709,0.53,1.12E-02
391,715,6.36,1.617984
392,391,4.22,0.712336
392,393,2.55,0.2601
392,713,1.05,0.0441
392,717,2.98,0.355216
393,392,2.55,0.2601
393,394,3.42,0.467856
393,712,2.62,0.274576
393,716,1.87,0.139876
394,393,3.42,0.467856
394,395,2.42,0.234256
394,584,4.97,0.988036
394,601,1.75,0.1225
395,394,2.42,0.234256
395,396,3.65,0.5329
395,584,3.88,0.602176
395,600,1.36,0.073984
396,395,3.65,0.5329
396,397,2.11,0.178084
397,396,2.11,0.178084
397,398,2.36,0.222784
397,588,3.02,0.364816
397,604,1.28,0.065536
398,397,2.36,0.222784
398,399,0.72,0.020736
398,400,2.11,1.78E-01
398,403,3.06,3.75E-01
399,398,0.72,0.020736
399,537,4.28,6.594624
399,604,3.32,0.440896
399,609,0.88,0.030976
400,398,2.11,0.178084
400,401,4.09,0.669124
400,587,0.88,0.030976
400,609,6.72,1.806336
401,400,4.09,0.669124
401,402,1.69,1.14E-01
401,585,1.7,0.1156
401,590,1.81,0.131044
402,401,1.69,0.114244
403,398,3.06,0.374544
403,404,3.26,0.425104
403,606,2.84,0.322624
403,611,2.07,0.171396
404,403,3.26,0.425104
404,405,1.05,0.0441
404,675,3.14,0.394384
404,680,1.27,0.580644
405,404,1.05,4.41E-02
405,406,2.53,0.256036
405,488,1.01,0.367236
406,405,2.53,0.256036
406,407,3.31,0.438244
406,677,2,0.16
406,682,2.45,2.1609
407,406,3.31,0.438244
407,408,3.25,0.4225
407,687,1.71,0.116964
407,692,2.47,2.196324
408,407,3.25,0.4225
408,409,2.17,0.188356
408,689,2.19,0.191844
408,694,2.11,1.60E+00
409,408,2.17,0.188356
409,410,3.93,0.617796
409,538,1.47,0.086436
409,539,2.86,2.944656
410,409,3.93,0.617796
410,411,2.72,0.295936
410,690,2.9,0.3364
410,700,1.09,0.047524
411,410,2.72,0.295936
411,412,2.73,0.298116
411,685,3.04,0.369664
411,695,1.04,0.043264
412,411,2.73,0.298116
412,413,2.61,0.272484
413,412,2.61,0.272484
413,414,2.62,0.274576
413,730,3.35,0.4489
413,734,0.65,0.0169
414,413,2.62,0.274576
414,415,4.1,0.6724
414,731,3.29,0.432964
414,735,0.54,0.011664
415,414,4.1,0.6724
415,416,5.67,1.285956
415,727,4.8,0.9216
415,733,3.01,0.362404
416,415,5.67,1.285956
416,417,5.15,1.0609
416,726,1.54,0.094864
416,732,5.28,1.115136
417,416,5.15,1.0609
417,732,9.84,3.873024
417,913,3.45,0.4761
417,926,6.29,1.582564
418,419,5.27,1.110916
418,921,3.86,0.595984
418,922,4.77,0.910116
418,923,8.98,3.225616
419,418,5.27,1.110916
419,420,4.47,0.799236
419,739,5.07,1.028196
419,743,1.44,0.082944
420,419,4.47,0.799236
420,421,3.29,0.432964
420,751,2.57,0.264196
420,752,1.68,0.112896
421,420,3.29,0.432964
421,422,3.53,0.498436
421,753,0.94,0.035344
421,754,2.86,0.327184
422,421,3.53,0.498436
422,423,3.11,0.386884
422,762,0.87,0.030276
422,766,3.61,0.521284
423,422,3.11,0.386884
423,424,3.43,0.470596
423,764,0.6,0.0144
423,767,4.08,0.665856
424,423,3.43,0.470596
424,425,3.31,0.438244
424,773,1.3,0.0676
424,777,3.72,0.553536
425,424,3.31,0.438244
425,426,1.71,0.116964
425,775,2.62,0.274576
425,779,1.48,0.087616
426,425,1.71,0.116964
426,427,1.11,0.049284
426,441,4.82,8.363664
427,426,1.11,0.049284
427,428,3.5,0.49
427,594,1.43,0.081796
427,779,2.65,0.2809
428,427,3.5,0.49
428,429,0.78,2.43E-02
428,431,1.04,0.389376
429,428,0.78,0.024336
429,430,0.63,0.015876
429,593,2.39,0.228484
429,778,2.77,0.306916
430,429,0.63,0.015876
431,428,1.04,0.389376
431,432,3.52,4.460544
431,593,1.27,0.580644
431,597,2.91,3.048516
432,431,3.52,4.460544
432,433,2.62,2.471184
432,595,3.16,3.594816
432,599,1.33,0.636804
433,432,2.62,2.471184
433,434,2.35,1.9881
433,616,3.4,4.1616
433,617,1.5,0.81
434,433,2.35,1.9881
434,435,3.07,3.392964
434,618,4.12,6.110784
434,619,0.65,0.1521
435,434,3.07,3.392964
435,436,1.92,1.327104
435,552,0.89,0.285156
435,554,3.93,5.560164
436,435,1.92,1.327104
436,437,3.08,3.415104
436,496,1.02,0.374544
437,436,3.08,3.415104
437,438,4.14,6.170256
437,554,0.62,1.38E-01
437,556,7.18,18.558864
438,437,4.14,6.170256
438,439,2.4,2.0736
438,535,8.17,24.029604
438,536,2.11,1.602756
438,540,1.68,1.02E+00
439,438,2.4,2.0736
439,440,2.53,2.304324
439,614,2.72,2.663424
439,615,1.94,1.354896
440,439,2.53,2.304324
440,441,2.63,2.490084
440,612,2.64,2.509056
440,613,1.88,1.272384
441,426,4.82,8.363664
441,440,2.63,2.490084
441,591,3.19,3.663396
441,596,0.72,0.186624
442,443,3.59,0.515524
442,898,6.49,1.684804
442,899,2.78,0.309136
442,929,6.31,1.592644
443,442,3.59,0.515524
443,444,4.45,0.7921
443,897,1.3,0.0676
443,898,3.98,0.633616
444,443,4.45,0.7921
444,445,5,1
445,444,5,1
445,446,6.27,1.572516
445,885,6.37,1.623076
445,886,1.05,0.0441
446,445,6.27,1.572516
446,447,5.78,1.336336
446,858,2.41,0.232324
446,859,5.21,1.085764
447,446,5.78,1.336336
447,448,3.98,0.633616
447,848,5.59,1.249924
447,849,1.87,1.40E-01
448,447,3.98,0.633616
448,449,3.28,0.430336
448,664,2.78,0.309136
448,665,1.17,0.054756
449,448,3.28,0.430336
449,450,2,0.16
449,662,2.91,0.338724
449,663,1.41,0.079524
450,449,2,0.16
450,451,1.44,0.082944
450,453,4.56,0.831744
450,508,3.8,0.5776
451,450,1.44,0.082944
451,452,2.18,0.190096
451,654,1.81,0.131044
451,655,2.48,0.246016
452,451,2.18,0.190096
452,525,2.32,1.937664
452,652,2.17,1.695204
452,654,2.28,0.207936
453,450,4.56,0.831744
453,454,10.27,4.218916
453,650,2.82,0.318096
453,841,1.48,0.087616
454,453,10.27,4.218916
454,455,3.23,0.417316
454,838,1.93,1.49E-01
454,840,2.45,0.2401
455,454,3.23,0.417316
455,456,2.7,0.2916
455,833,2.7,0.2916
455,835,2.85,0.3249
456,455,2.7,0.2916
456,457,2.93,0.343396
456,834,2.01,0.161604
456,836,2.41,0.232324
457,456,2.93,0.343396
457,458,1.5,0.09
457,829,3.65,0.5329
457,831,0.72,0.020736
458,457,1.5,0.09
458,459,1.43,0.081796
458,467,5.17,1.069156
458,468,2.91,0.338724
459,458,1.43,0.081796
459,460,4.66,0.868624
459,832,1.27,0.064516
459,845,7.72,2.383936
460,459,4.66,0.868624
460,461,6.3,1.5876
460,872,5.86,1.373584
460,875,2.21,0.195364
461,460,6.3,1.5876
461,462,5.39,1.162084
461,874,2.35,0.2209
461,877,5.87,1.378276
462,461,5.39,1.162084
462,873,3.45,0.4761
462,876,4.35,0.7569
462,927,7.78,2.421136
463,464,3.9,0.6084
463,928,15.96,10.188864
464,463,3.9,0.6084
464,465,7.21,2.079364
464,883,3.92,0.614656
464,884,3.18,0.404496
465,464,7.21,2.079364
465,466,5.74,1.317904
465,862,4.5,0.81
465,881,2.48,0.246016
466,465,5.74,1.317904
466,467,5.33,1.136356
466,855,1.67,0.111556
466,862,5.4,1.1664
467,458,5.17,1.069156
467,466,5.33,1.136356
467,845,2.09,0.174724
467,855,5.88,1.382976
468,458,2.91,0.338724
468,469,2.92,0.341056
468,829,1.33,0.070756
468,830,2.85,0.3249
469,468,2.92,0.341056
469,470,2.73,0.298116
469,819,0.34,4.62E-03
469,824,4.01,6.43E-01
470,469,2.73,0.298116
470,471,4.12,0.678976
470,817,0.74,0.021904
470,822,3.36,0.451584
471,470,4.12,0.678976
471,472,2.92,0.341056
471,815,3.84,0.589824
471,816,0.61,1.49E-02
472,471,2.92,3.41E-01
472,473,1.75,0.1225
472,813,1.39,0.077284
472,815,2.22,0.197136
473,472,1.75,0.1225
473,474,3.23,0.417316
473,475,3.17,0.401956
473,707,4.39,0.770884
473,813,1.44,0.082944
474,473,3.23,0.417316
474,538,3.32,0.440896
474,701,1.73,0.119716
474,706,2.45,2.1609
475,473,3.17,0.401956
475,476,1.68,1.016064
475,706,3.08,3.415104
475,707,1.74,0.121104
476,475,1.68,1.016064
476,477,3.71,4.955076
476,705,2.02,1.468944
476,707,2.79,2.802276
477,476,3.71,4.955076
477,478,2.53,2.304324
477,503,0.88,0.278784
477,504,0.95,0.3249
478,477,2.53,2.304324
478,479,3.24,3.779136
478,633,1.91,1.313316
478,703,2.69,2.604996
479,478,3.24,3.779136
479,480,1.32,0.627264
479,629,2.12,1.617984
479,693,1.88,1.272384
480,479,1.32,0.627264
480,481,1.41,7.16E-01
480,483,1.68,1.016064
480,484,2.13,1.633284
480,486,2.03,1.483524
481,480,1.41,7.16E-01
481,482,0.54,0.104976
481,483,1.67,1.004004
481,691,2.42,2.108304
482,481,0.54,0.104976
483,480,1.68,1.016064
483,481,1.67,1.004004
483,539,3.33,3.992004
483,693,0.5,0.09
484,480,2.13,1.63E+00
484,485,3.26,3.825936
484,627,1.98,1.411344
484,629,3.65,4.7961
485,484,3.26,3.825936
485,489,2.66,2.547216
485,626,1.68,1.02E+00
485,628,2.84,2.90E+00
486,480,2.03,1.483524
486,535,0.29,0.030276
486,627,2.22,1.774224
486,691,2.4,2.0736
487,488,2.65,2.5281
487,535,4.12,6.110784
487,681,1.36,0.665856
487,682,3.04,3.326976
488,405,1.01,0.367236
488,487,2.65,2.5281
488,680,2.97,3.175524
488,682,2.77,2.762244
489,485,2.66,2.547216
489,490,1.06,0.404496
489,630,2.68,2.585664
489,631,4.23,6.441444
490,489,1.06,0.404496
490,491,2.61,2.452356
490,557,3.59,4.639716
490,631,3.8,5.1984
491,490,2.61,2.452356
491,492,2.84,2.903616
491,558,3.2,3.69E+00
491,559,0.6,1.30E-01
492,491,2.84,2.903616
492,493,1.37,0.675684
492,561,3.09,3.437316
492,562,0.49,0.086436
493,492,1.37,6.76E-01
493,494,2.24,1.806336
493,497,1.94,1.354896
493,562,1.26,0.571536
493,564,1.37,0.675684
494,493,2.24,1.806336
494,495,2.81,2.842596
494,561,1,0.36
494,563,2.33,1.954404
495,494,2.81,2.842596
495,496,2.56,2.359296
495,551,4.69,7.918596
495,560,0.94,0.318096
496,436,1.02,3.75E-01
496,495,2.56,2.359296
496,553,1.3,0.6084
496,556,3.71,4.955076
497,493,1.94,1.354896
497,498,0.66,0.156816
498,497,0.66,0.156816
498,499,1.34,0.646416
498,533,1.61,0.933156
499,498,1.34,0.646416
499,500,2.84,2.903616
499,567,1.56,0.876096
499,569,2.32,1.94E+00
500,499,2.84,2.903616
500,501,3.61,4.691556
500,566,1.82,1.192464
500,570,1.36,0.665856
501,500,3.61,4.691556
501,502,3.49,4.384836
501,571,2.49,2.232036
501,636,0.62,0.138384
502,501,3.49,4.384836
502,503,3.87,5.391684
502,632,1.67,1.00E+00
502,634,3.91,5.50E+00
503,477,0.88,0.278784
503,502,3.87,5.391684
503,504,0.52,0.097344
503,633,3.5,4.41
504,477,0.95,0.3249
504,503,0.52,0.097344
504,505,3.51,4.435236
504,635,0.45,0.0729
505,504,3.51,4.435236
505,506,2.42,2.108304
505,634,1.48,0.788544
505,639,2.42,2.108304
506,505,2.42,2.108304
506,507,3.92,5.531904
506,639,1.8,1.1664
506,644,2.59,2.414916
507,506,3.92,5.531904
507,508,7.86,22.240656
507,578,8.09,23.561316
507,646,1.51,0.820836
508,450,3.8,0.5776
508,507,7.86,22.240656
508,509,2.41,0.232324
509,508,2.41,2.32E-01
509,510,3.24,0.419904
509,659,0.59,1.39E-02
509,667,5.05,1.0201
510,509,3.24,0.419904
510,511,0.3,0.0036
510,658,0.37,5.48E-03
510,666,4.08,0.665856
511,510,0.3,0.0036
511,512,2.21,0.195364
511,521,3.12,0.389376
511,522,4.7,7.9524
512,511,2.21,0.195364
512,513,3.73,0.556516
512,661,0.58,0.013456
512,670,7.48,2.238016
513,512,3.73,0.556516
513,514,5.31,1.127844
513,902,3.59,0.515524
513,905,9.12,3.326976
514,513,5.31,1.127844
514,515,4.43,0.784996
514,903,2.61,0.272484
514,905,11.27,5.080516
515,514,4.43,0.784996
515,516,5.77,1.331716
515,534,1.61,0.103684
515,544,0.29,0.003364
515,932,5.93,1.406596
516,515,5.77,1.331716
516,517,6.07,1.47E+00
516,903,8.96,3.211264
516,906,1.62,0.104976
517,516,6.07,1.473796
517,518,6.64,1.763584
517,908,2.55,0.2601
517,909,4.39,0.770884
518,517,6.64,1.763584
518,911,5.26,1.106704
518,912,1.64,0.107584
518,930,9.32,3.474496
519,520,0.75,2.25E-02
519,521,2.72,0.295936
519,668,0.64,0.016384
519,670,3.14,0.394384
520,519,0.75,0.0225
521,511,3.12,0.389376
521,519,2.72,0.295936
521,666,0.55,0.0121
521,670,3.93,0.617796
522,511,4.7,7.9524
522,523,7.31,19.236996
523,522,7.31,19.236996
523,530,2.24,1.806336
523,545,0.12,5.18E-03
524,525,3.24,3.779136
524,545,4.42,7.033104
524,578,4.67,7.851204
524,647,1.58,0.898704
525,452,2.32,1.937664
525,524,3.24,3.779136
525,652,2.57,2.377764
525,657,2.51,2.268036
526,527,6.01,13.003236
526,528,9.84,34.857216
526,541,0.44,0.069696
526,546,3.23,3.755844
527,526,6.01,13.003236
527,542,0.65,0.0169
527,543,3.97,0.630436
527,546,4.24,0.719104
528,526,9.84,34.857216
528,529,1.43,0.736164
528,573,5.67,11.573604
528,575,0.88,0.278784
529,528,1.43,0.736164
529,530,2.05,1.5129
529,531,1.22,0.535824
530,523,2.24,1.806336
530,529,2.05,1.5129
530,575,2.74,2.702736
530,577,2.81,2.842596
531,529,1.22,0.535824
531,532,1.65,0.9801
531,573,3.42,4.210704
531,574,2.95,3.1329
532,531,1.65,0.9801
532,533,1.51,0.820836
532,569,2.95,3.1329
532,574,2.23,1.79E+00
533,498,1.61,0.933156
533,532,1.51,8.21E-01
533,568,1.26,0.571536
533,569,2.98,3.196944
534,515,1.61,1.04E-01
534,543,3.31,0.438244
534,933,5.96,1.420864
535,438,8.17,24.029604
535,486,0.29,0.030276
535,487,4.12,6.110784
536,438,2.11,1.602756
536,537,3.23,3.755844
536,615,1.52,0.831744
537,399,4.28,6.594624
537,536,3.23,3.755844
537,608,3.31,3.944196
537,610,0.81,0.236196
538,409,1.47,0.086436
538,474,3.32,0.440896
538,699,0.45,8.10E-03
538,704,4.18,6.290064
539,409,2.86,2.944656
539,483,3.33,3.992004
539,694,0.62,0.138384
539,704,4.88,8.573184
540,438,1.68,1.016064
540,583,0.56,0.112896
540,622,1.75,1.1025
541,526,0.44,6.97E-02
541,582,5.76,11.943936
541,902,8.02,23.155344
542,527,0.65,0.0169
542,902,4.21,0.708964
542,903,6.14,1.507984
543,527,3.97,0.630436
543,534,3.31,0.438244
543,903,1.4,0.0784
544,515,0.29,0.003364
544,903,5.39,1.162084
544,904,3.25,0.4225
545,523,0.12,5.18E-03
545,524,4.42,7.033104
545,577,3.61,4.691556
545,580,1.5,0.81
546,526,3.23,3.76E+00
546,527,4.24,0.719104
547,1,0,0
547,548,3.26,3.825936
547,549,4.89,8.608356
547,621,2.89,3.006756
548,2,0,0
548,547,3.26,3.825936
548,550,5.81,12.152196
548,552,4.49,7.257636
548,618,3.52,4.460544
549,3,0,0
549,547,4.89,8.608356
549,550,3.28,3.873024
549,551,4.21,6.380676
550,4,0,0
550,548,5.81,12.152196
550,549,3.28,3.873024
550,551,5.18,9.659664
550,552,7.77,21.734244
550,553,3.92,5.531904
550,560,5.4,10.4976
551,5,0,0
551,495,4.69,7.918596
551,549,4.21,6.380676
551,550,5.18,9.659664
551,563,3.08,3.415104
552,6,0,0
552,435,0.89,0.285156
552,548,4.49,7.257636
552,550,7.77,21.734244
552,553,4.56,7.485696
552,618,4.34,6.780816
552,619,4.8,8.2944
553,7,0,0
553,496,1.3,0.6084
553,550,3.92,5.531904
553,552,4.56,7.485696
553,560,3.97,5.673924
554,8,0,0
554,435,3.93,5.560164
554,437,0.62,0.138384
554,614,5.04,9.144576
554,619,4.97,8.892324
554,622,5.79,12.068676
554,625,3.39,4.137156
555,9,0,0
555,556,6.36,14.561856
555,622,4.89,8.608356
555,624,2.68,2.59E+00
555,625,1.58,0.898704
556,10,0,0
556,437,7.18,18.558864
556,496,3.71,4.955076
556,555,6.36,14.561856
556,557,5.92,12.616704
556,560,5.63,11.410884
556,624,9.28,31.002624
557,11,0,0
557,490,3.59,4.639716
557,556,5.92,12.616704
557,558,3.99,5.731236
557,559,5.64,11.451456
557,624,9.25,30.8025
557,630,3.75,5.0625
558,12,0,0
558,491,3.2,3.6864
558,557,3.99,5.731236
558,560,4.03,5.846724
558,561,4.26,6.533136
559,13,0,0
559,491,0.6,0.1296
559,557,5.64,1.15E+01
559,562,5.66,11.532816
559,566,4.58,7.551504
559,631,6.1,13.3956
560,14,0,0
560,495,0.94,0.318096
560,550,5.4,10.4976
560,553,3.97,5.673924
560,556,5.63,11.410884
560,558,4.03,5.846724
560,561,4.38,6.906384
561,15,0,0
561,492,3.09,3.437316
561,494,1,0.36
561,558,4.26,6.533136
561,560,4.38,6.906384
562,16,0,0
562,492,0.49,0.086436
562,493,1.26,0.571536
562,559,5.66,11.532816
562,563,5.61,11.329956
562,567,3.21,3.709476
563,17,0,0
563,494,2.33,1.954404
563,551,3.08,3.415104
563,562,5.61,11.329956
563,564,2.14,1.648656
564,18,0,0
564,493,1.37,0.675684
564,563,2.14,1.648656
564,565,2.16,1.679616
565,19,0,0
565,564,2.16,1.679616
565,568,2.08,1.557504
565,569,6.55,15.4449
566,20,0,0
566,500,1.82,1.192464
566,559,4.58,7.551504
566,567,5.43,10.614564
566,631,7.28,19.079424
567,21,0,0
567,499,1.56,0.876096
567,562,3.21,3.709476
567,566,5.43,10.614564
568,22,0,0
568,533,1.26,0.571536
568,565,2.08,1.557504
568,574,3.08,3.415104
569,23,0,0
569,499,2.32,1.937664
569,532,2.95,3.1329
569,533,2.98,3.196944
569,565,6.55,15.4449
569,570,5.59,1.12E+01
569,572,7.9,22.4676
569,573,5.09,9.326916
570,24,0,0
570,500,1.36,0.665856
570,569,5.59,11.249316
570,571,6.49,15.163236
570,572,5.31,10.150596
571,25,0,0
571,501,2.49,2.232036
571,570,6.49,15.163236
571,572,5.79,12.068676
571,631,6.73,16.305444
571,632,7.76,21.678336
571,634,6.3,14.2884
571,637,4.49,7.257636
572,26,0,0
572,569,7.9,22.4676
572,570,5.31,10.150596
572,571,5.79,12.068676
572,573,4.91,8.678916
572,576,4.2,6.3504
572,637,6.45,14.9769
573,27,0,0
573,528,5.67,11.573604
573,531,3.42,4.210704
573,569,5.09,9.326916
573,572,4.91,8.678916
573,577,4.91,8.678916
574,28,0,0
574,531,2.95,3.1329
574,532,2.23,1.790244
574,568,3.08,3.415104
574,575,4.87,8.538084
575,29,0,0
575,528,0.88,0.278784
575,530,2.74,2.702736
575,574,4.87,8.538084
575,580,6.05,13.1769
575,581,4.12,6.110784
576,30,0,0
576,572,4.2,6.3504
576,577,6.38,14.653584
576,578,6.34,14.470416
576,637,5.8,12.1104
576,643,3.53,4.485924
577,31,0,0
577,530,2.81,2.842596
577,545,3.61,4.691556
577,573,4.91,8.678916
577,576,6.38,14.653584
577,578,4.63,7.717284
578,32,0,0
578,507,8.09,23.561316
578,524,4.67,7.851204
578,576,6.34,14.470416
578,577,4.63,7.717284
578,579,7.28,19.079424
578,580,6.38,14.653584
578,643,3.79,5.171076
578,645,5.85,12.3201
579,33,0,0
579,578,7.28,19.079424
579,580,4.25,6.5025
579,582,5.09,9.326916
579,647,3.52,4.46E+00
579,656,6.63,15.824484
580,34,0,0
580,545,1.5,0.81
580,575,6.05,13.1769
580,578,6.38,14.653584
580,579,4.25,6.5025
580,581,9.79,34.503876
580,582,6.48,15.116544
581,35,0,0
581,575,4.12,6.110784
581,580,9.79,34.503876
581,582,6.8,16.6464
582,36,0,0
582,541,5.76,11.943936
582,579,5.09,9.326916
582,580,6.48,15.116544
582,581,6.8,16.6464
582,660,5.88,12.446784
583,37,0,0
583,540,0.56,0.112896
584,38,0,0
584,394,4.97,0.988036
584,395,3.88,0.602176
584,586,6.15,1.5129
584,588,6.06,1.468944
584,605,8.07,2.604996
584,710,5.72,1.308736
584,712,7.48,2.238016
584,768,10.15,4.1209
584,808,10.64,4.528384
585,39,0,0
585,401,1.7,0.1156
585,586,4.01,0.643204
585,587,4.63,0.857476
585,771,3.88,0.602176
586,40,0,0
586,584,6.15,1.5129
586,585,4.01,0.643204
586,588,4.44,0.788544
586,772,3.83,0.586756
587,41,0,0
587,400,0.88,0.030976
587,585,4.63,0.857476
587,588,4.73,0.894916
587,592,5.37,1.153476
587,604,4.12,0.678976
588,42,0,0
588,397,3.02,0.364816
588,584,6.06,1.468944
588,586,4.44,0.788544
588,587,4.73,0.894916
589,43,0,0
589,590,4.48,0.802816
589,591,3.67,0.538756
589,594,4.18,0.698896
589,775,4.97,0.988036
590,44,0,0
590,401,1.81,0.131044
590,589,4.48,0.802816
590,592,4.28,0.732736
590,776,4.76,0.906304
591,45,0,0
591,441,3.19,3.663396
591,589,3.67,0.538756
591,592,4.61,0.850084
591,608,5.22,1.089936
591,613,3.78,5.143824
592,46,0,0
592,587,5.37,1.153476
592,590,4.28,0.732736
592,591,4.61,0.850084
592,608,4.37,0.763876
592,609,5.04,1.016064
593,47,0,0
593,429,2.39,0.228484
593,431,1.27,0.580644
593,594,4.54,0.824464
593,595,4.19,6.320196
594,48,0,0
594,427,1.43,0.081796
594,589,4.18,0.698896
594,593,4.54,0.824464
594,596,4.63,7.717284
595,49,0,0
595,432,3.16,3.594816
595,593,4.19,6.320196
595,596,4.09,6.022116
595,612,7.06,17.943696
595,617,4.67,7.851204
596,50,0,0
596,441,0.72,1.87E-01
596,594,4.63,7.717284
596,595,4.09,6.022116
596,612,4.23,6.441444
596,613,6.09,13.351716
597,51,0,0
597,431,2.91,3.048516
597,599,4.53,7.387524
597,778,10.64,40.755456
598,52,0,0
598,599,4.25,6.5025
598,616,4.51,7.322436
598,620,3.95,5.6169
599,53,0,0
599,432,1.33,0.636804
599,597,4.53,7.387524
599,598,4.25,6.5025
599,616,5.88,12.446784
599,617,4.54,7.420176
600,54,0,0
600,395,1.36,0.073984
600,601,3.74,0.559504
600,602,3.32,0.440896
600,605,3.66,0.535824
601,55,0,0
601,394,1.75,0.1225
601,600,3.74,0.559504
601,603,3.9,0.6084
601,716,5.17,1.069156
602,56,0,0
602,600,3.32,0.440896
602,603,3.82,0.583696
602,607,4.53,0.820836
602,671,4.72,0.891136
603,57,0,0
603,601,3.9,0.6084
603,602,3.82,0.583696
603,672,3.78,0.571536
603,718,3.99,0.636804
604,58,0,0
604,397,1.28,0.065536
604,399,3.32,0.440896
604,587,4.12,0.678976
604,605,4.09,0.669124
604,606,3.71,0.550564
605,59,0,0
605,584,8.07,2.604996
605,600,3.66,0.535824
605,604,4.09,0.669124
605,607,5.5,1.21
606,60,0,0
606,403,2.84,0.322624
606,604,3.71,0.550564
606,607,4.09,0.669124
606,675,6.4,1.6384
607,61,0,0
607,602,4.53,0.820836
607,605,5.5,1.21
607,606,4.09,0.669124
607,676,6.87,1.887876
608,62,0,0
608,537,3.31,3.944196
608,591,5.22,1.089936
608,592,4.37,0.763876
608,609,4.42,0.781456
608,613,4.3,6.6564
609,63,0,0
609,399,0.88,0.030976
609,400,6.72,1.806336
609,592,5.04,1.016064
609,608,4.42,0.781456
609,611,3.81,0.580644
610,64,0,0
610,537,0.81,0.236196
610,611,3.73,5.008644
610,615,4.19,6.320196
610,679,4.77,8.191044
611,65,0,0
611,403,2.07,0.171396
611,609,3.81,0.580644
611,610,3.73,5.008644
611,680,4.34,6.780816
612,66,0,0
612,440,2.64,2.509056
612,595,7.06,17.943696
612,596,4.23,6.441444
612,614,4.27,6.563844
612,617,4.39,6.937956
613,67,0,0
613,440,1.88,1.272384
613,591,3.78,5.143824
613,596,6.09,13.351716
613,608,4.3,6.6564
613,615,3.61,4.691556
614,68,0,0
614,439,2.72,2.663424
614,554,5.04,9.144576
614,612,4.27,6.563844
614,619,5.65,11.4921
614,622,6.06,13.220496
615,69,0,0
615,439,1.94,1.354896
615,536,1.52,0.831744
615,610,4.19,6.320196
615,613,3.61,4.691556
615,622,5.03,9.108324
616,70,0,0
616,433,3.4,4.1616
616,598,4.51,7.322436
616,599,5.88,12.446784
616,618,3.18,3.640464
616,620,3.79,5.171076
617,71,0,0
617,433,1.5,0.81
617,595,4.67,7.851204
617,599,4.54,7.420176
617,612,4.39,6.937956
617,619,3.36,4.064256
618,72,0,0
618,434,4.12,6.110784
618,548,3.52,4.460544
618,552,4.34,6.780816
618,616,3.18,3.640464
618,621,3.88,5.419584
619,73,0,0
619,434,0.65,1.52E-01
619,552,4.8,8.2944
619,554,4.97,8.892324
619,614,5.65,11.4921
619,617,3.36,4.064256
620,74,0,0
620,598,3.95,5.6169
620,616,3.79,5.171076
620,621,2.61,2.452356
621,75,0,0
621,547,2.89,3.006756
621,618,3.88,5.419584
621,620,2.61,2.452356
622,76,0,0
622,540,1.75,1.1025
622,554,5.79,12.068676
622,555,4.89,8.608356
622,614,6.06,13.220496
622,615,5.03,9.108324
622,623,5.02,9.072144
622,625,4.8,8.2944
623,77,0,0
623,622,5.02,9.072144
623,624,6.26,14.107536
623,627,4.83,8.398404
623,681,4.31,6.687396
624,78,0,0
624,555,2.68,2.585664
624,556,9.28,31.002624
624,557,9.25,30.8025
624,623,6.26,14.107536
624,626,4.43,7.064964
625,79,0,0
625,554,3.39,4.137156
625,555,1.58,0.898704
625,622,4.8,8.2944
626,80,0,0
626,485,1.68,1.016064
626,624,4.43,7.064964
626,627,5.1,9.3636
626,630,4.32,6.718464
627,81,0,0
627,484,1.98,1.411344
627,486,2.22,1.774224
627,623,4.83,8.398404
627,626,5.1,9.3636
628,82,0,0
628,485,2.84,2.903616
628,629,4.78,8.225424
628,631,6.55,15.4449
628,632,4.99,8.964036
629,83,0,0
629,479,2.12,1.617984
629,484,3.65,4.7961
629,628,4.78,8.23E+00
629,633,4.89,8.608356
630,84,0,0
630,489,2.68,2.585664
630,557,3.75,5.0625
630,626,4.32,6.718464
631,85,0,0
631,489,4.23,6.441444
631,490,3.8,5.1984
631,559,6.1,13.3956
631,566,7.28,19.079424
631,571,6.73,16.305444
631,628,6.55,15.4449
631,636,4.37,6.874884
632,86,0,0
632,502,1.67,1.004004
632,571,7.76,21.678336
632,628,4.99,8.964036
632,633,4.53,7.387524
632,636,4.17,6.260004
633,87,0,0
633,478,1.91,1.313316
633,503,3.5,4.41
633,629,4.89,8.608356
633,632,4.53,7.387524
634,88,0,0
634,502,3.91,5.503716
634,505,1.48,0.788544
634,571,6.3,14.2884
634,635,3.86,5.363856
634,637,5.42,10.575504
635,89,0,0
635,504,0.45,0.0729
635,634,3.86,5.363856
635,640,3.64,4.769856
635,705,4.23,6.441444
636,90,0,0
636,501,0.62,0.138384
636,631,4.37,6.874884
636,632,4.17,6.260004
637,91,0,0
637,571,4.49,7.257636
637,572,6.45,14.9769
637,576,5.8,12.1104
637,634,5.42,10.575504
637,644,4.49,7.257636
638,92,0,0
638,640,6.63,15.824484
638,642,5.44,10.653696
638,707,4.12,0.678976
638,815,5.72,1.308736
638,825,3.63,0.527076
638,826,4.8,0.9216
639,93,0,0
639,505,2.42,2.108304
639,506,1.8,1.1664
639,640,3.51,4.435236
639,641,4.75,8.1225
640,94,0,0
640,635,3.64,4.769856
640,638,6.63,15.824484
640,639,3.51,4.435236
640,642,4.39,6.937956
641,95,0,0
641,639,4.75,8.1225
641,642,3.55,4.5369
641,646,3.9,5.4756
641,648,4.68,7.884864
642,96,0,0
642,638,5.44,10.653696
642,640,4.39,6.937956
642,641,3.55,4.5369
642,649,4.29,6.625476
643,97,0,0
643,576,3.53,4.485924
643,578,3.79,5.171076
643,644,4.93,8.749764
644,98,0,0
644,506,2.59,2.414916
644,637,4.49,7.257636
644,643,4.93,8.749764
644,646,5.23,9.847044
645,99,0,0
645,578,5.85,12.3201
645,646,4.42,7.033104
645,647,3.97,5.673924
645,652,3.82,5.253264
646,100,0,0
646,507,1.51,8.21E-01
646,641,3.9,5.4756
646,644,5.23,9.847044
646,645,4.42,7.033104
646,653,4.14,6.170256
647,101,0,0
647,524,1.58,0.898704
647,579,3.52,4.460544
647,645,3.97,5.673924
647,657,3.63,4.743684
648,102,0,0
648,641,4.68,7.88E+00
648,649,4.48,7.225344
648,650,3.99,5.731236
648,653,3.95,5.6169
649,103,0,0
649,642,4.29,6.625476
649,648,4.48,7.225344
649,651,3.9,0.6084
649,825,4.01,0.643204
650,104,0,0
650,453,2.82,0.318096
650,648,3.99,5.731236
650,651,4.35,7.57E-01
650,655,4.94,0.976144
651,105,0,0
651,649,3.9,0.6084
651,650,4.35,0.7569
651,827,3.99,0.636804
651,842,4.5,0.81
652,106,0,0
652,452,2.17,1.695204
652,525,2.57,2.377764
652,645,3.82,5.253264
652,653,4.29,6.625476
653,107,0,0
653,646,4.14,6.170256
653,648,3.95,5.6169
653,652,4.29,6.625476
653,655,4.81,8.328996
654,108,0,0
654,451,1.81,0.131044
654,452,2.28,0.207936
654,659,4.81,0.925444
654,662,4.35,0.7569
655,109,0,0
655,451,2.48,0.246016
655,650,4.94,0.976144
655,653,4.81,8.328996
655,663,4.39,0.770884
656,110,0,0
656,579,6.63,15.824484
656,657,5.64,11.451456
656,658,4.75,8.1225
656,660,3.83,5.280804
657,111,0,0
657,525,2.51,2.268036
657,647,3.63,4.743684
657,656,5.64,11.451456
657,659,5.22,9.809424
658,112,0,0
658,510,0.37,0.005476
658,656,4.75,8.1225
658,659,5.56,1.236544
658,661,3.63,0.527076
659,113,0,0
659,509,0.59,0.013924
659,654,4.81,0.925444
659,657,5.22,9.809424
659,658,5.56,1.236544
660,114,0,0
660,582,5.88,12.446784
660,656,3.83,5.280804
660,661,4.61,7.650756
660,902,6.04,13.133376
661,115,0,0
661,512,0.58,0.013456
661,658,3.63,0.527076
661,660,4.61,7.650756
661,902,7.95,2.5281
662,116,0,0
662,449,2.91,0.338724
662,654,4.35,0.7569
662,664,3.79,0.574564
662,667,5.39,1.162084
663,117,0,0
663,449,1.41,0.079524
663,655,4.39,0.770884
663,665,4.29,0.736164
663,841,4.16,0.692224
664,118,0,0
664,448,2.78,0.309136
664,662,3.79,0.574564
664,669,3.84,0.589824
664,849,5.88,1.382976
665,119,0,0
665,448,1.17,0.054756
665,663,4.29,0.736164
665,843,3.73,0.556516
665,849,6.48,1.679616
666,120,0,0
666,510,4.08,6.66E-01
666,521,0.55,1.21E-02
666,667,4.68,0.876096
666,668,4.18,0.698896
667,121,0,0
667,509,5.05,1.0201
667,662,5.39,1.162084
667,666,4.68,0.876096
667,669,4.32,0.746496
668,122,0,0
668,519,0.64,0.016384
668,666,4.18,0.698896
668,669,4.75,0.9025
668,850,3.84,0.589824
669,123,0,0
669,664,3.84,0.589824
669,667,4.32,0.746496
669,668,4.75,0.9025
669,851,4.62,0.853776
670,124,0,0
670,512,7.48,2.238016
670,519,3.14,0.394384
670,521,3.93,0.617796
670,854,10.31,4.251844
670,902,10.36,4.293184
670,905,10,4
671,125,0,0
671,602,4.72,0.891136
671,672,3.66,0.535824
671,673,3.99,0.636804
671,676,3.91,0.611524
672,126,0,0
672,603,3.78,0.571536
672,671,3.66,5.36E-01
672,674,3.99,0.636804
672,722,3.58,0.512656
673,127,0,0
673,671,3.99,0.636804
673,674,3.83,0.586756
673,678,3.66,0.535824
673,683,4.27,0.729316
674,128,0,0
674,672,3.99,0.636804
674,673,3.83,0.586756
674,684,4.29,0.736164
674,724,4.5,0.81
675,129,0,0
675,404,3.14,0.394384
675,606,6.4,1.6384
675,676,4.32,0.746496
675,677,4,0.64
676,130,0,0
676,607,6.87,1.887876
676,671,3.91,0.611524
676,675,4.32,0.746496
676,678,4.09,0.669124
677,131,0,0
677,406,2,0.16
677,675,4,0.64
677,678,4.53,0.820836
677,687,4.37,0.763876
678,132,0,0
678,673,3.66,0.535824
678,676,4.09,0.669124
678,677,4.53,0.820836
678,688,4.18,0.698896
679,133,0,0
679,610,4.77,8.191044
679,680,3.4,4.1616
679,681,4.69,7.918596
680,134,0,0
680,404,1.27,0.580644
680,488,2.97,3.175524
680,611,4.34,6.780816
680,679,3.4,4.1616
681,135,0,0
681,487,1.36,0.665856
681,623,4.31,6.687396
681,679,4.69,7.918596
681,691,4,5.76
682,136,0,0
682,406,2.45,2.1609
682,487,3.04,3.326976
682,488,2.77,2.762244
682,692,4,5.76
683,137,0,0
683,673,4.27,0.729316
683,684,4.5,0.81
683,685,3.73,0.556516
683,688,4.19,0.702244
684,138,0,0
684,674,4.29,0.736164
684,683,4.5,0.81
684,728,3.91,0.611524
685,139,0,0
685,411,3.04,0.369664
685,683,3.73,0.556516
685,686,3.5,0.49
685,690,3.82,0.583696
686,140,0,0
686,685,3.5,0.49
686,730,3.91,0.611524
687,141,0,0
687,407,1.71,0.116964
687,677,4.37,0.763876
687,688,4.42,0.781456
687,689,5.02,1.008016
688,142,0,0
688,678,4.18,0.698896
688,683,4.19,0.702244
688,687,4.42,0.781456
688,690,5.32,1.132096
689,143,0,0
689,408,2.19,0.191844
689,687,5.02,1.008016
689,690,4,0.64
689,699,4.83,0.933156
690,144,0,0
690,410,2.9,0.3364
690,685,3.82,0.583696
690,688,5.32,1.132096
690,689,4,0.64
691,145,0,0
691,481,2.42,2.108304
691,486,2.4,2.0736
691,681,4,5.76
691,692,4.22,6.41E+00
692,146,0,0
692,407,2.47,2.196324
692,682,4,5.76
692,691,4.22,6.411024
692,694,5.17,9.622404
693,147,0,0
693,479,1.88,1.272384
693,483,0.5,0.09
693,694,4.28,6.594624
693,703,5.13,9.474084
694,148,0,0
694,408,2.11,1.602756
694,539,0.62,0.138384
694,692,5.17,9.622404
694,693,4.28,6.594624
695,149,0,0
695,411,1.04,0.043264
695,696,3.99,0.636804
695,697,4.63,0.857476
695,700,5.5,1.21
696,150,0,0
696,695,3.99,0.636804
696,698,4.31,0.743044
696,734,4.2,7.06E-01
697,151,0,0
697,695,4.63,0.857476
697,698,3.95,0.6241
697,702,3.97,0.630436
697,809,3.95,0.6241
698,152,0,0
698,696,4.31,0.743044
698,697,3.95,0.6241
698,736,4.32,0.746496
698,810,4.67,0.872356
699,153,0,0
699,538,0.45,0.0081
699,689,4.83,0.933156
699,700,4.09,0.669124
699,701,3.66,0.535824
700,154,0,0
700,410,1.09,0.047524
700,695,5.5,1.21
700,699,4.09,0.669124
700,702,5.1,1.0404
701,155,0,0
701,474,1.73,0.119716
701,699,3.66,0.535824
701,702,3.44,0.473344
701,813,4.43,0.784996
702,156,0,0
702,697,3.97,0.630436
702,700,5.1,1.0404
702,701,3.44,0.473344
702,814,4.55,0.8281
703,157,0,0
703,478,2.69,2.604996
703,693,5.13,9.474084
703,704,4.29,6.625476
703,705,4.18,6.290064
704,158,0,0
704,538,4.18,6.290064
704,539,4.88,8.573184
704,703,4.29,6.625476
704,706,4.55,7.4529
705,159,0,0
705,476,2.02,1.468944
705,635,4.23,6.441444
705,703,4.18,6.290064
705,706,4.14,6.170256
706,160,0,0
706,474,2.45,2.1609
706,475,3.08,3.415104
706,704,4.55,7.4529
706,705,4.14,6.170256
707,161,0,0
707,473,4.39,0.770884
707,475,1.74,0.121104
707,476,2.79,2.802276
707,638,4.12,0.678976
708,162,0,0
708,388,2.9,0.3364
708,709,6.96,1.937664
708,714,6.99,1.954404
708,913,20.04,16.064064
709,163,0,0
709,391,0.53,0.011236
709,708,6.96,1.937664
709,711,5.49,1.205604
709,713,5.92,1.401856
709,803,7.69,2.365444
710,164,0,0
710,584,5.72,1.308736
710,712,5.11,1.044484
710,806,3.52,0.495616
711,165,0,0
711,709,5.49,1.205604
711,713,4.09,0.669124
711,807,3.19,0.407044
712,166,0,0
712,393,2.62,0.274576
712,584,7.48,2.238016
712,710,5.11,1.044484
712,713,4.28,0.732736
713,167,0,0
713,392,1.05,4.41E-02
713,709,5.92,1.401856
713,711,4.09,0.669124
713,712,4.28,0.732736
713,716,6.77,1.833316
714,168,0,0
714,708,6.99,1.954404
714,715,6.66,1.774224
714,720,6.95,1.9321
714,913,13.61,7.409284
715,169,0,0
715,391,6.36,1.617984
715,714,6.66,1.774224
715,717,5.36,1.149184
715,719,5.28,1.115136
715,721,6.62,1.752976
716,170,0,0
716,393,1.87,0.139876
716,601,5.17,1.069156
716,713,6.77,1.833316
716,717,4.09,0.669124
716,718,4.45,0.7921
717,171,0,0
717,392,2.98,0.355216
717,715,5.36,1.149184
717,716,4.09,0.669124
717,719,3.9,0.6084
718,172,0,0
718,603,3.99,0.636804
718,716,4.45,0.7921
718,719,3.73,0.556516
718,722,3.79,0.574564
719,173,0,0
719,715,5.28,1.115136
719,717,3.9,0.6084
719,718,3.73,0.556516
719,723,3.95,0.6241
720,174,0,0
720,714,6.95,1.9321
720,721,6.58,1.731856
720,726,7.07,1.999396
720,913,9.25,3.4225
721,175,0,0
721,715,6.62,1.752976
721,720,6.58,1.731856
721,723,5.41,1.170724
721,725,5.5,1.21
721,727,7.03,1.976836
722,176,0,0
722,672,3.58,0.512656
722,718,3.79,0.574564
722,723,4.28,0.732736
722,724,4,0.64
723,177,0,0
723,719,3.95,0.6241
723,721,5.41,1.170724
723,722,4.28,0.732736
723,725,4.08,0.665856
724,178,0,0
724,674,4.5,0.81
724,722,4,0.64
724,725,4,0.64
724,728,3.74,0.559504
725,179,0,0
725,721,5.5,1.21
725,723,4.08,0.665856
725,724,4,0.64
725,729,4.39,0.770884
726,180,0,0
726,416,1.54,0.094864
726,720,7.07,1.999396
726,727,6.74,1.817104
726,913,9.38,3.519376
727,181,0,0
727,415,4.8,0.9216
727,721,7.03,1.976836
727,726,6.74,1.817104
727,729,5.71,1.304164
727,731,5.26,1.106704
728,182,0,0
728,684,3.91,0.611524
728,724,3.74,0.559504
728,729,4,0.64
728,730,4.18,0.698896
729,183,0,0
729,725,4.39,0.770884
729,727,5.71,1.304164
729,728,4,0.64
729,731,4.3,0.7396
730,184,0,0
730,413,3.35,0.4489
730,686,3.91,0.611524
730,728,4.18,0.698896
730,731,4.49,0.806404
731,185,0,0
731,414,3.29,0.432964
731,727,5.26,1.106704
731,729,4.3,0.7396
731,730,4.49,0.806404
732,186,0,0
732,416,5.28,1.115136
732,417,9.84,3.873024
732,733,6.82,1.860496
732,864,7.94,2.521744
733,187,0,0
733,415,3.01,0.362404
733,732,6.82,1.860496
733,735,5.96,1.420864
733,737,5.9,1.3924
733,865,6.95,1.9321
734,188,0,0
734,413,0.65,0.0169
734,696,4.2,0.7056
734,735,3.91,0.611524
734,736,4.88,0.952576
735,189,0,0
735,414,0.54,0.011664
735,733,5.96,1.42E+00
735,734,3.91,0.611524
735,737,5.19,1.077444
736,190,0,0
736,698,4.32,0.746496
736,734,4.88,0.952576
736,737,4.67,0.872356
736,866,6.66,1.774224
737,191,0,0
737,733,5.9,1.3924
737,735,5.19,1.077444
737,736,4.67,0.872356
737,866,5.36,1.149184
738,192,0,0
738,740,4.28,0.732736
738,742,5.38,1.157776
738,746,8.62,2.972176
738,784,3.52,0.495616
738,920,8.24,2.715904
739,193,0,0
739,419,5.07,1.028196
739,740,4.11,0.675684
739,741,3.38,4.57E-01
739,921,5.84,1.364224
740,194,0,0
740,738,4.28,0.732736
740,739,4.11,6.76E-01
740,742,3.99,0.636804
740,920,7.59,2.304324
741,195,0,0
741,739,3.38,0.456976
741,742,4.07,0.662596
741,743,6.77,1.833316
741,747,3.8,0.5776
742,196,0,0
742,738,5.38,1.157776
742,740,3.99,0.636804
742,741,4.07,0.662596
742,748,3.74,5.60E-01
743,197,0,0
743,419,1.44,0.082944
743,741,6.77,1.833316
743,744,7.11,2.022084
743,745,7.62,2.322576
743,751,6.11,1.493284
743,752,6.51,1.695204
743,921,8.94,3.196944
743,922,9.71,3.771364
744,198,0,0
744,743,7.11,2.022084
744,745,3.79,0.574564
744,922,6.24,1.557504
745,199,0,0
745,743,7.62,2.322576
745,744,3.79,0.574564
745,755,4.75,0.9025
746,200,0,0
746,738,8.62,2.972176
746,748,4.66,0.868624
746,750,4.84,0.937024
746,757,7.09,2.01E+00
746,792,3.98,0.633616
747,201,0,0
747,741,3.8,0.5776
747,748,4.52,0.817216
747,749,3.85,0.5929
747,752,4.47,0.799236
748,202,0,0
748,742,3.74,0.559504
748,746,4.66,0.868624
748,747,4.52,0.817216
748,750,4.92,0.968256
749,203,0,0
749,747,3.85,0.5929
749,750,5.32,1.132096
749,754,4.1,0.6724
749,758,3.65,0.5329
750,204,0,0
750,746,4.84,0.937024
750,748,4.92,0.968256
750,749,5.32,1.132096
750,759,4.09,0.669124
751,205,0,0
751,420,2.57,0.264196
751,743,6.11,1.493284
751,753,4.36,0.760384
751,755,4.87,0.948676
752,206,0,0
752,420,1.68,0.112896
752,743,6.51,1.695204
752,747,4.47,0.799236
752,754,3.69,0.544644
753,207,0,0
753,421,0.94,0.035344
753,751,4.36,0.760384
753,756,4.66,0.868624
753,762,3.45,0.4761
754,208,0,0
754,421,2.86,0.327184
754,749,4.1,6.72E-01
754,752,3.69,0.544644
754,763,3.86,0.595984
755,209,0,0
755,745,4.75,0.9025
755,751,4.87,0.948676
755,756,4.52,0.817216
756,210,0,0
756,753,4.66,0.868624
756,755,4.52,0.817216
756,766,4.83,0.933156
757,211,0,0
757,746,7.09,2.010724
757,759,4.43,0.784996
757,761,4.7,0.8836
757,768,7.48,2.238016
757,800,3.71,0.550564
758,212,0,0
758,749,3.65,0.5329
758,759,3.87,0.599076
758,760,3.87,0.599076
758,763,4.07,0.662596
759,213,0,0
759,750,4.09,0.669124
759,757,4.43,0.784996
759,758,3.87,0.599076
759,761,3.59,0.515524
760,214,0,0
760,758,3.87,0.599076
760,761,3.63,0.527076
760,765,4.63,0.857476
760,769,3.6,0.5184
761,215,0,0
761,757,4.7,0.8836
761,759,3.59,0.515524
761,760,3.63,0.527076
761,770,3.82,0.583696
762,216,0,0
762,422,0.87,3.03E-02
762,753,3.45,0.4761
762,763,4.19,0.702244
762,764,4.48,0.802816
763,217,0,0
763,754,3.86,0.595984
763,758,4.07,0.662596
763,762,4.19,0.702244
763,765,4.7,0.8836
764,218,0,0
764,423,0.6,0.0144
764,762,4.48,0.802816
764,765,4.25,0.7225
764,773,4.13,0.682276
765,219,0,0
765,760,4.63,0.857476
765,763,4.7,0.8836
765,764,4.25,0.7225
765,774,4.01,0.643204
766,220,0,0
766,422,3.61,0.521284
766,756,4.83,0.933156
766,767,3.66,0.535824
767,221,0,0
767,423,4.08,0.665856
767,766,3.66,0.535824
767,777,4.58,0.839056
768,222,0,0
768,584,10.15,4.1209
768,757,7.48,2.238016
768,770,6.33,1.602756
768,772,5.19,1.077444
768,808,3.59,0.515524
769,223,0,0
769,760,3.6,0.5184
769,770,3.79,0.574564
769,771,4.54,0.824464
769,774,5.21,1.085764
770,224,0,0
770,761,3.82,0.583696
770,768,6.33,1.602756
770,769,3.79,0.574564
770,772,4.05,0.6561
771,225,0,0
771,585,3.88,0.602176
771,769,4.54,0.824464
771,772,3.94,0.620944
771,776,3.9,0.6084
772,226,0,0
772,586,3.83,0.586756
772,768,5.19,1.077444
772,770,4.05,0.6561
772,771,3.94,0.620944
773,227,0,0
773,424,1.3,0.0676
773,764,4.13,0.682276
773,774,4.05,0.6561
773,775,3.38,0.456976
774,228,0,0
774,765,4.01,0.643204
774,769,5.21,1.09E+00
774,773,4.05,0.6561
774,776,4.01,0.643204
775,229,0,0
775,425,2.62,0.274576
775,589,4.97,0.988036
775,773,3.38,0.456976
775,776,3.81,0.580644
776,230,0,0
776,590,4.76,0.906304
776,771,3.9,0.6084
776,774,4.01,0.643204
776,775,3.81,0.580644
777,231,0,0
777,424,3.72,0.553536
777,767,4.58,0.839056
777,778,4.66,0.868624
777,779,3.78,0.571536
778,232,0,0
778,429,2.77,0.306916
778,597,10.64,40.755456
778,777,4.66,0.868624
778,779,5.18,1.073296
779,233,0,0
779,425,1.48,0.087616
779,427,2.65,0.2809
779,777,3.78,0.571536
779,778,5.18,1.073296
780,234,0,0
780,781,7.09,2.010724
780,785,8.54,2.917264
780,914,13.52,7.311616
780,916,7.93,2.515396
781,235,0,0
781,780,7.09,2.010724
781,782,6.76,1.827904
781,786,6.76,1.827904
781,917,7.44,2.214144
782,236,0,0
782,781,6.76,1.827904
782,783,7.02,1.971216
782,787,7.12,2.027776
782,917,8.24,2.715904
782,918,9.5,3.61
783,237,0,0
783,782,7.02,1.971216
783,784,4.94,0.976144
783,788,5.53,1.223236
783,789,5.68,1.290496
783,918,9.98,3.984016
783,919,9,3.24
784,238,0,0
784,738,3.52,0.495616
784,783,4.94,0.976144
784,792,7.73,2.390116
784,919,7.35,2.1609
785,239,0,0
785,780,8.54,2.917264
785,786,7.03,1.976836
785,793,6.96,1.937664
785,914,9.24,3.415104
786,240,0,0
786,781,6.76,1.827904
786,785,7.03,1.976836
786,787,6.96,1.937664
786,794,6.89,1.898884
787,241,0,0
787,782,7.12,2.027776
787,786,6.96,1.937664
787,789,6.03,1.454436
787,791,5.74,1.317904
787,795,7.03,1.976836
788,242,0,0
788,783,5.53,1.223236
788,789,4.39,0.770884
788,790,3.38,0.456976
788,792,3.5,0.49
789,243,0,0
789,783,5.68,1.290496
789,787,6.03,1.454436
789,788,4.39,0.770884
789,791,3.45,0.4761
790,244,0,0
790,788,3.38,0.456976
790,791,4.62,0.853776
790,792,3.42,0.467856
790,796,3.98,0.633616
791,245,0,0
791,787,5.74,1.317904
791,789,3.45,0.4761
791,790,4.62,0.853776
791,797,3.65,0.5329
792,246,0,0
792,746,3.98,0.633616
792,784,7.73,2.390116
792,788,3.5,4.90E-01
792,790,3.42,0.467856
792,800,7.99,2.553604
793,247,0,0
793,785,6.96,1.937664
793,794,6.96,1.937664
793,801,7.03,1.976836
793,914,8.7,3.0276
794,248,0,0
794,786,6.89,1.898884
794,793,6.96,1.937664
794,795,7.03,1.98E+00
794,802,7.41,2.196324
795,249,0,0
795,787,7.03,1.976836
795,794,7.03,1.976836
795,797,5.8,1.3456
795,799,5.71,1.304164
795,803,7.33,2.149156
796,250,0,0
796,790,3.98,0.633616
796,797,3.58,0.512656
796,798,4.39,0.770884
796,800,3.31,0.438244
797,251,0,0
797,791,3.65,0.5329
797,795,5.8,1.3456
797,796,3.58,0.512656
797,799,3.65,0.5329
798,252,0,0
798,796,4.39,0.770884
798,799,3.66,0.535824
798,800,3.46,0.478864
798,804,4.48,0.802816
799,253,0,0
799,795,5.71,1.304164
799,797,3.65,0.5329
799,798,3.66,0.535824
799,805,3.6,0.5184
800,254,0,0
800,757,3.71,0.550564
800,792,7.99,2.553604
800,796,3.31,0.438244
800,798,3.46,0.478864
800,808,12.39,6.140484
801,255,0,0
801,389,9.58,3.671056
801,793,7.03,1.976836
801,802,7.09,2.010724
801,913,24.92,24.840256
802,256,0,0
802,388,4.78,0.913936
802,794,7.41,2.196324
802,801,7.09,2.010724
802,803,6.96,1.937664
803,257,0,0
803,709,7.69,2.365444
803,795,7.33,2.149156
803,802,6.96,1.937664
803,805,5.9,1.3924
803,807,5.74,1.317904
804,258,0,0
804,798,4.48,0.802816
804,805,3.6,0.5184
804,806,3.8,0.5776
804,808,3.44,0.473344
805,259,0,0
805,799,3.6,0.5184
805,803,5.9,1.3924
805,804,3.6,0.5184
805,807,3.81,0.580644
806,260,0,0
806,710,3.52,0.495616
806,804,3.8,0.5776
806,807,5.86,1.373584
806,808,3.62,0.524176
807,261,0,0
807,711,3.19,0.407044
807,803,5.74,1.317904
807,805,3.81,0.580644
807,806,5.86,1.373584
808,262,0,0
808,584,10.64,4.528384
808,768,3.59,0.515524
808,800,12.39,6.140484
808,804,3.44,0.473344
808,806,3.62,0.524176
809,263,0,0
809,697,3.95,0.6241
809,810,4.17,0.695556
809,811,3.95,0.6241
809,814,3.71,0.550564
810,264,0,0
810,698,4.67,0.872356
810,809,4.17,0.695556
810,812,4.01,0.643204
810,866,6.49,1.684804
811,265,0,0
811,809,3.95,0.6241
811,812,3.84,0.589824
811,816,3.81,0.580644
811,817,3.87,0.599076
812,266,0,0
812,810,4.01,0.643204
812,811,3.84,0.589824
812,818,3.89,0.605284
812,866,6.47,1.674436
813,267,0,0
813,472,1.39,0.077284
813,473,1.44,0.082944
813,701,4.43,0.784996
813,814,3.76,0.565504
814,268,0,0
814,702,4.55,0.8281
814,809,3.71,0.550564
814,813,3.76,0.565504
814,816,3.95,6.24E-01
815,269,0,0
815,471,3.84,0.589824
815,472,2.22,0.197136
815,638,5.72,1.308736
815,821,3.58,0.512656
816,270,0,0
816,471,0.61,0.014884
816,811,3.81,0.580644
816,814,3.95,0.6241
816,822,3.9,0.6084
817,271,0,0
817,470,0.74,0.021904
817,811,3.87,0.599076
817,818,4.12,0.678976
817,819,3.51,0.492804
818,272,0,0
818,812,3.89,0.605284
818,817,4.12,0.678976
818,820,4.26,7.26E-01
818,869,6.33,1.602756
819,273,0,0
819,469,0.34,0.004624
819,817,3.51,0.492804
819,820,3.52,0.495616
819,829,3.79,0.574564
820,274,0,0
820,818,4.26,0.725904
820,819,3.52,0.495616
820,830,4.75,0.9025
820,869,5.66,1.281424
821,275,0,0
821,815,3.58,0.512656
821,822,3.95,0.6241
821,823,3.73,0.556516
821,826,4.39,0.770884
822,276,0,0
822,470,3.36,0.451584
822,816,3.9,0.6084
822,821,3.95,0.6241
822,824,3.95,0.6241
823,277,0,0
823,821,3.73,0.556516
823,824,3.95,0.6241
823,828,3.84,0.589824
823,833,4.11,0.675684
824,278,0,0
824,469,4.01,0.643204
824,822,3.95,0.6241
824,823,3.95,0.6241
824,834,5.01,1.004004
825,279,0,0
825,638,3.63,0.527076
825,649,4.01,0.643204
825,826,3.68,0.541696
825,827,4.35,0.7569
826,280,0,0
826,638,4.8,0.9216
826,821,4.39,0.770884
826,825,3.68,0.541696
826,828,3.94,0.620944
827,281,0,0
827,651,3.99,0.636804
827,825,4.35,0.7569
827,828,3.99,0.636804
827,837,3.84,0.589824
828,282,0,0
828,823,3.84,0.589824
828,826,3.94,6.21E-01
828,827,3.99,0.636804
828,838,3.63,0.527076
829,283,0,0
829,457,3.65,0.5329
829,468,1.33,7.08E-02
829,819,3.79,0.574564
829,834,5.31,1.127844
830,284,0,0
830,468,2.85,0.3249
830,820,4.75,0.9025
830,832,4.11,0.675684
830,872,5.96,1.420864
831,285,0,0
831,457,0.72,0.020736
831,836,3.68,0.541696
831,845,5.97,1.425636
832,286,0,0
832,459,1.27,0.064516
832,830,4.11,0.675684
832,872,6.29,1.582564
833,287,0,0
833,455,2.7,0.2916
833,823,4.11,0.675684
833,834,4.89,0.956484
833,838,4.51,0.813604
834,288,0,0
834,456,2.01,1.62E-01
834,824,5.01,1.004004
834,829,5.31,1.127844
834,833,4.89,0.956484
835,289,0,0
835,455,2.85,0.3249
835,836,3.73,0.556516
835,840,3.85,0.5929
835,846,6.96,1.937664
836,290,0,0
836,456,2.41,0.232324
836,831,3.68,0.541696
836,835,3.73,0.556516
836,846,6.34,1.607824
837,291,0,0
837,827,3.84,0.589824
837,838,3.79,0.574564
837,839,4.94,0.976144
837,842,3.61,0.521284
838,292,0,0
838,454,1.93,0.148996
838,828,3.63,0.527076
838,833,4.51,0.813604
838,837,3.79,0.574564
839,293,0,0
839,837,4.94,0.976144
839,840,3.9,0.6084
839,844,3.95,0.6241
839,847,6.38,1.628176
840,294,0,0
840,454,2.45,0.2401
840,835,3.85,0.5929
840,839,3.9,0.6084
840,847,6.4,1.6384
841,295,0,0
841,453,1.48,0.087616
841,663,4.16,0.692224
841,842,3.9,0.6084
841,843,4.18,0.698896
842,296,0,0
842,651,4.5,0.81
842,837,3.61,0.521284
842,841,3.9,0.6084
842,844,3.9,0.6084
843,297,0,0
843,665,3.73,0.556516
843,841,4.18,0.698896
843,844,4.25,0.7225
843,848,6.45,1.6641
844,298,0,0
844,839,3.95,0.6241
844,842,3.9,0.6084
844,843,4.25,0.7225
844,848,6,1.44
845,299,0,0
845,459,7.72,2.383936
845,467,2.09,0.174724
845,831,5.97,1.425636
845,846,7.86,2.471184
845,875,7.14,2.039184
846,300,0,0
846,835,6.96,1.937664
846,836,6.34,1.607824
846,845,7.86,2.471184
846,847,7.67,2.353156
846,856,7.52,2.262016
847,301,0,0
847,839,6.38,1.628176
847,840,6.4,1.6384
847,846,7.67,2.353156
847,848,7.62,2.322576
847,857,8.29,2.748964
848,302,0,0
848,447,5.59,1.249924
848,843,6.45,1.6641
848,844,6,1.44
848,847,7.62,2.322576
848,858,7.25,2.1025
849,303,0,0
849,447,1.87,0.139876
849,664,5.88,1.382976
849,665,6.48,1.679616
849,851,7.13,2.033476
849,853,6.45,1.6641
849,859,7.36,2.166784
850,304,0,0
850,668,3.84,0.589824
850,851,4.8,0.9216
850,852,3.67,0.538756
850,854,3.38,0.456976
851,305,0,0
851,669,4.62,0.853776
851,849,7.13,2.033476
851,850,4.8,0.9216
851,853,4.11,0.675684
852,306,0,0
852,850,3.67,0.538756
852,853,3.49,4.87E-01
852,854,3.85,0.5929
852,860,6.08,1.478656
853,307,0,0
853,849,6.45,1.6641
853,851,4.11,0.675684
853,852,3.49,0.487204
853,860,5.77,1.331716
854,308,0,0
854,670,10.31,4.251844
854,850,3.38,0.456976
854,852,3.85,0.5929
854,861,9.03,3.261636
854,905,8.33,2.775556
854,907,5.97,1.425636
855,309,0,0
855,466,1.67,0.111556
855,467,5.88,1.382976
855,856,7.41,2.196324
855,878,7.99,2.553604
856,310,0,0
856,846,7.52,2.262016
856,855,7.41,2.196324
856,857,7.62,2.322576
856,863,7.07,1.999396
857,311,0,0
857,847,8.29,2.748964
857,856,7.62,2.322576
857,858,7.46,2.226064
857,885,7.39,2.184484
858,312,0,0
858,446,2.41,0.232324
858,848,7.25,2.1025
858,857,7.46,2.226064
858,886,7.67,2.353156
859,313,0,0
859,446,5.21,1.085764
859,849,7.36,2.166784
859,860,8.17,2.669956
859,887,9.21,3.392964
860,314,0,0
860,852,6.08,1.478656
860,853,5.77,1.331716
860,859,8.17,2.669956
860,861,4.69,0.879844
860,888,8.33,2.775556
861,315,0,0
861,854,9.03,3.261636
861,860,4.69,0.879844
861,888,9.06,3.283344
861,907,6.57,1.726596
861,910,9.61,3.694084
862,316,0,0
862,465,4.5,0.81
862,466,5.4,1.1664
862,863,8.47,2.869636
862,889,7.5,2.25
863,317,0,0
863,856,7.07,1.999396
863,862,8.47,2.869636
863,885,7.05,1.9881
863,890,8.98,3.225616
864,318,0,0
864,732,7.94,2.521744
864,865,6.74,1.817104
864,867,8.61,2.965284
864,913,23.35,21.8089
865,319,0,0
865,733,6.95,1.9321
865,864,6.74,1.817104
865,866,7.02,1.971216
865,868,12.32,6.071296
866,320,0,0
866,736,6.66,1.774224
866,737,5.36,1.149184
866,810,6.49,1.684804
866,812,6.47,1.674436
866,865,7.02,1.971216
866,868,10.37,4.301476
866,869,8.23,2.709316
867,321,0,0
867,864,8.61,2.965284
867,868,7.39,2.184484
867,870,6.87,1.887876
868,322,0,0
868,865,12.32,6.071296
868,866,10.37,4.301476
868,867,7.39,2.18E+00
868,869,7.02,1.971216
868,871,8.29,2.748964
869,323,0,0
869,818,6.33,1.602756
869,820,5.66,1.281424
869,866,8.23,2.709316
869,868,7.02,1.971216
869,872,7.96,2.534464
870,324,0,0
870,867,6.87,1.887876
870,871,7.78,2.421136
871,325,0,0
871,868,8.29,2.748964
871,870,7.78,2.421136
871,872,6.94,1.926544
871,874,7.87,2.477476
872,326,0,0
872,460,5.86,1.373584
872,830,5.96,1.420864
872,832,6.29,1.582564
872,869,7.96,2.534464
872,871,6.94,1.926544
873,327,0,0
873,462,3.45,0.4761
873,874,7.7,2.3716
874,328,0,0
874,461,2.35,0.2209
874,871,7.87,2.477476
874,873,7.7,2.3716
874,875,6.81,1.855044
875,329,0,0
875,460,2.21,0.195364
875,845,7.14,2.039184
875,874,6.81,1.855044
875,878,8.17,2.669956
876,330,0,0
876,462,4.35,0.7569
876,877,7.71,2.377764
876,879,8.12,2.637376
877,331,0,0
877,461,5.87,1.378276
877,876,7.71,2.377764
877,878,7.62,2.322576
877,880,7.79,2.427364
878,332,0,0
878,855,7.99,2.553604
878,875,8.17,2.669956
878,877,7.62,2.322576
878,881,7.94,2.521744
879,333,0,0
879,876,8.12,2.637376
879,880,7.78,2.421136
879,882,7.87,2.477476
880,334,0,0
880,877,7.79,2.427364
880,879,7.78,2.421136
880,881,7.8,2.4336
880,883,7.01,1.965604
881,335,0,0
881,465,2.48,0.246016
881,878,7.94,2.521744
881,880,7.8,2.4336
881,884,7.09,2.010724
882,336,0,0
882,879,7.87,2.477476
882,883,7.7,2.3716
883,337,0,0
883,464,3.92,0.614656
883,880,7.01,1.965604
883,882,7.7,2.3716
884,338,0,0
884,464,3.18,0.404496
884,881,7.09,2.010724
884,889,7.86,2.471184
885,339,0,0
885,445,6.37,1.623076
885,857,7.39,2.184484
885,863,7.05,1.9881
885,892,8.3,2.76E+00
886,340,0,0
886,445,1.05,0.0441
886,858,7.67,2.353156
886,887,6.84,1.871424
886,892,6.8,1.8496
887,341,0,0
887,859,9.21,3.392964
887,886,6.84,1.871424
887,888,7.89,2.490084
887,893,6.87,1.887876
888,342,0,0
888,860,8.33,2.775556
888,861,9.06,3.283344
888,887,7.89,2.490084
888,894,6.94,1.926544
888,910,7.51,2.256004
889,343,0,0
889,862,7.5,2.25
889,884,7.86,2.471184
889,895,8.59,2.951524
890,344,0,0
890,863,8.98,3.225616
890,891,7.52,2.262016
890,896,8.26,2.729104
891,345,0,0
891,890,7.52,2.262016
891,896,8.87,3.147076
891,897,5.63,1.267876
891,899,7.18,2.062096
892,346,0,0
892,885,8.3,2.7556
892,886,6.8,1.8496
892,897,5.06,1.024144
893,347,0,0
893,887,6.87,1.887876
893,894,7.82,2.446096
893,898,7.48,2.238016
893,901,11.38,5.180176
894,348,0,0
894,888,6.94,1.926544
894,893,7.82,2.45E+00
894,910,10.63,4.519876
895,349,0,0
895,889,8.59,2.951524
895,896,7.51,2.256004
896,350,0,0
896,890,8.26,2.729104
896,891,8.87,3.147076
896,895,7.51,2.256004
896,899,9.23,3.407716
897,351,0,0
897,443,1.3,0.0676
897,891,5.63,1.267876
897,892,5.06,1.024144
897,899,6.6,1.7424
898,352,0,0
898,442,6.49,1.684804
898,443,3.98,0.633616
898,893,7.48,2.238016
898,900,5.6,1.2544
899,353,0,0
899,442,2.78,0.309136
899,891,7.18,2.062096
899,896,9.23,3.407716
899,897,6.6,1.7424
900,354,0,0
900,898,5.6,1.2544
900,901,7.89,2.490084
901,355,0,0
901,893,11.38,5.180176
901,900,7.89,2.490084
902,356,0,0
902,513,3.59,0.515524
902,541,8.02,23.155344
902,542,4.21,0.708964
902,660,6.04,13.133376
902,661,7.95,2.5281
902,670,10.36,4.293184
903,357,0,0
903,514,2.61,0.272484
903,516,8.96,3.211264
903,542,6.14,1.507984
903,543,1.4,0.0784
903,544,5.39,1.162084
904,358,0,0
904,544,3.25,0.4225
904,906,8.14,2.650384
905,359,0,0
905,513,9.12,3.326976
905,514,11.27,5.080516
905,670,10,4
905,854,8.33,2.775556
905,906,9.68,3.748096
905,907,7.1,2.0164
906,360,0,0
906,516,1.62,0.104976
906,904,8.14,2.650384
906,905,9.68,3.748096
906,908,7.63,2.328676
906,909,11.48,5.271616
906,931,14.78,8.737936
907,361,0,0
907,854,5.97,1.425636
907,861,6.57,1.726596
907,905,7.1,2.0164
907,908,7.76,2.408704
907,910,11.06,4.892944
908,362,0,0
908,517,2.55,0.2601
908,906,7.63,2.328676
908,907,7.76,2.408704
908,911,11.42,5.216656
908,912,12.32,6.071296
909,363,0,0
909,517,4.39,0.770884
909,906,11.48,5.271616
909,912,9.83,3.865156
910,364,0,0
910,861,9.61,3.694084
910,888,7.51,2.256004
910,894,10.63,4.519876
910,907,11.06,4.892944
910,911,7.03,1.976836
911,365,0,0
911,518,5.26,1.106704
911,908,11.42,5.216656
911,910,7.03,1.976836
912,366,0,0
912,518,1.64,0.107584
912,908,12.32,6.071296
912,909,9.83,3.865156
913,367,0,0
913,417,3.45,0.4761
913,708,20.04,16.064064
913,714,13.61,7.409284
913,720,9.25,3.4225
913,726,9.38,3.519376
913,801,24.92,24.840256
913,864,23.35,21.8089
914,368,0,0
914,389,3.96,0.627264
914,780,13.52,7.311616
914,785,9.24,3.415104
914,793,8.7,3.0276
914,915,21.86,19.114384
915,369,0,0
915,914,21.86,19.114384
915,916,7.84,2.458624
916,370,0,0
916,780,7.93,2.515396
916,915,7.84,2.458624
916,917,7.64,2.334784
917,371,0,0
917,781,7.44,2.214144
917,782,8.24,2.715904
917,916,7.64,2.334784
917,918,8.14,2.650384
918,372,0,0
918,782,9.5,3.61
918,783,9.98,3.984016
918,917,8.14,2.650384
918,919,7.89,2.490084
919,373,0,0
919,783,9,3.24
919,784,7.35,2.1609
919,918,7.89,2.490084
919,920,6.88,1.893376
919,924,10.18,4.145296
920,374,0,0
920,738,8.24,2.715904
920,740,7.59,2.304324
920,919,6.88,1.893376
920,921,7.14,2.039184
921,375,0,0
921,418,3.86,0.595984
921,739,5.84,1.364224
921,743,8.94,3.196944
921,920,7.14,2.039184
922,376,0,0
922,418,4.77,0.910116
922,743,9.71,3.771364
922,744,6.24,1.557504
923,377,0,0
923,418,8.98,3.225616
924,378,0,0
924,919,10.18,4.145296
925,379,0,0
925,390,6.93,1.920996
926,380,0,0
926,417,6.29,1.582564
927,381,0,0
927,462,7.78,2.421136
928,382,0,0
928,463,15.96,10.188864
929,383,0,0
929,442,6.31,1.592644
930,384,0,0
930,518,9.32,3.474496
931,385,0,0
931,906,14.78,8.737936
932,386,0,0
932,515,5.93,1.406596
933,387,0,0
933,534,5.96,1.420864
