ori,des,free_flow_time
1,547,0
2,548,0
3,549,0
4,550,0
5,551,0
6,552,0
7,553,0
8,554,0
9,555,0
10,556,0
11,557,0
12,558,0
13,559,0
14,560,0
15,561,0
16,562,0
17,563,0
18,564,0
19,565,0
20,566,0
21,567,0
22,568,0
23,569,0
24,570,0
25,571,0
26,572,0
27,573,0
28,574,0
29,575,0
30,576,0
31,577,0
32,578,0
33,579,0
34,580,0
35,581,0
36,582,0
37,583,0
38,584,0
39,585,0
40,586,0
41,587,0
42,588,0
43,589,0
44,590,0
45,591,0
46,592,0
47,593,0
48,594,0
49,595,0
50,596,0
51,597,0
52,598,0
53,599,0
54,600,0
55,601,0
56,602,0
57,603,0
58,604,0
59,605,0
60,606,0
61,607,0
62,608,0
63,609,0
64,610,0
65,611,0
66,612,0
67,613,0
68,614,0
69,615,0
70,616,0
71,617,0
72,618,0
73,619,0
74,620,0
75,621,0
76,622,0
77,623,0
78,624,0
79,625,0
80,626,0
81,627,0
82,628,0
83,629,0
84,630,0
85,631,0
86,632,0
87,633,0
88,634,0
89,635,0
90,636,0
91,637,0
92,638,0
93,639,0
94,640,0
95,641,0
96,642,0
97,643,0
98,644,0
99,645,0
100,646,0
101,647,0
102,648,0
103,649,0
104,650,0
105,651,0
106,652,0
107,653,0
108,654,0
109,655,0
110,656,0
111,657,0
112,658,0
113,659,0
114,660,0
115,661,0
116,662,0
117,663,0
118,664,0
119,665,0
120,666,0
121,667,0
122,668,0
123,669,0
124,670,0
125,671,0
126,672,0
127,673,0
128,674,0
129,675,0
130,676,0
131,677,0
132,678,0
133,679,0
134,680,0
135,681,0
136,682,0
137,683,0
138,684,0
139,685,0
140,686,0
141,687,0
142,688,0
143,689,0
144,690,0
145,691,0
146,692,0
147,693,0
148,694,0
149,695,0
150,696,0
151,697,0
152,698,0
153,699,0
154,700,0
155,701,0
156,702,0
157,703,0
158,704,0
159,705,0
160,706,0
161,707,0
162,708,0
163,709,0
164,710,0
165,711,0
166,712,0
167,713,0
168,714,0
169,715,0
170,716,0
171,717,0
172,718,0
173,719,0
174,720,0
175,721,0
176,722,0
177,723,0
178,724,0
179,725,0
180,726,0
181,727,0
182,728,0
183,729,0
184,730,0
185,731,0
186,732,0
187,733,0
188,734,0
189,735,0
190,736,0
191,737,0
192,738,0
193,739,0
194,740,0
195,741,0
196,742,0
197,743,0
198,744,0
199,745,0
200,746,0
201,747,0
202,748,0
203,749,0
204,750,0
205,751,0
206,752,0
207,753,0
208,754,0
209,755,0
210,756,0
211,757,0
212,758,0
213,759,0
214,760,0
215,761,0
216,762,0
217,763,0
218,764,0
219,765,0
220,766,0
221,767,0
222,768,0
223,769,0
224,770,0
225,771,0
226,772,0
227,773,0
228,774,0
229,775,0
230,776,0
231,777,0
232,778,0
233,779,0
234,780,0
235,781,0
236,782,0
237,783,0
238,784,0
239,785,0
240,786,0
241,787,0
242,788,0
243,789,0
244,790,0
245,791,0
246,792,0
247,793,0
248,794,0
249,795,0
250,796,0
251,797,0
252,798,0
253,799,0
254,800,0
255,801,0
256,802,0
257,803,0
258,804,0
259,805,0
260,806,0
261,807,0
262,808,0
263,809,0
264,810,0
265,811,0
266,812,0
267,813,0
268,814,0
269,815,0
270,816,0
271,817,0
272,818,0
273,819,0
274,820,0
275,821,0
276,822,0
277,823,0
278,824,0
279,825,0
280,826,0
281,827,0
282,828,0
283,829,0
284,830,0
285,831,0
286,832,0
287,833,0
288,834,0
289,835,0
290,836,0
291,837,0
292,838,0
293,839,0
294,840,0
295,841,0
296,842,0
297,843,0
298,844,0
299,845,0
300,846,0
301,847,0
302,848,0
303,849,0
304,850,0
305,851,0
306,852,0
307,853,0
308,854,0
309,855,0
310,856,0
311,857,0
312,858,0
313,859,0
314,860,0
315,861,0
316,862,0
317,863,0
318,864,0
319,865,0
320,866,0
321,867,0
322,868,0
323,869,0
324,870,0
325,871,0
326,872,0
327,873,0
328,874,0
329,875,0
330,876,0
331,877,0
332,878,0
333,879,0
334,880,0
335,881,0
336,882,0
337,883,0
338,884,0
339,885,0
340,886,0
341,887,0
342,888,0
343,889,0
344,890,0
345,891,0
346,892,0
347,893,0
348,894,0
349,895,0
350,896,0
351,897,0
352,898,0
353,899,0
354,900,0
355,901,0
356,902,0
357,903,0
358,904,0
359,905,0
360,906,0
361,907,0
362,908,0
363,909,0
364,910,0
365,911,0
366,912,0
367,913,0
368,914,0
369,915,0
370,916,0
371,917,0
372,918,0
373,919,0
374,920,0
375,921,0
376,922,0
377,923,0
378,924,0
379,925,0
380,926,0
381,927,0
382,928,0
383,929,0
384,930,0
385,931,0
386,932,0
387,933,0
388,390,11.09
388,391,5.98
388,708,2.9
388,802,4.78
389,390,4.34
389,801,9.58
389,914,3.96
390,388,11.09
390,389,4.34
390,925,6.93
391,388,5.98
391,392,4.22
391,709,0.53
391,715,6.36
392,391,4.22
392,393,2.55
392,713,1.05
392,717,2.98
393,392,2.55
393,394,3.42
393,712,2.62
393,716,1.87
394,393,3.42
394,395,2.42
394,584,4.97
394,601,1.75
395,394,2.42
395,396,3.65
395,584,3.88
395,600,1.36
396,395,3.65
396,397,2.11
397,396,2.11
397,398,2.36
397,588,3.02
397,604,1.28
398,397,2.36
398,399,0.72
398,400,2.11
398,403,3.06
399,398,0.72
399,537,4.28
399,604,3.32
399,609,0.88
400,398,2.11
400,401,4.09
400,587,0.88
400,609,6.72
401,400,4.09
401,402,1.69
401,585,1.7
401,590,1.81
402,401,1.69
403,398,3.06
403,404,3.26
403,606,2.84
403,611,2.07
404,403,3.26
404,405,1.05
404,675,3.14
404,680,1.27
405,404,1.05
405,406,2.53
405,488,1.01
406,405,2.53
406,407,3.31
406,677,2
406,682,2.45
407,406,3.31
407,408,3.25
407,687,1.71
407,692,2.47
408,407,3.25
408,409,2.17
408,689,2.19
408,694,2.11
409,408,2.17
409,410,3.93
409,538,1.47
409,539,2.86
410,409,3.93
410,411,2.72
410,690,2.9
410,700,1.09
411,410,2.72
411,412,2.73
411,685,3.04
411,695,1.04
412,411,2.73
412,413,2.61
413,412,2.61
413,414,2.62
413,730,3.35
413,734,0.65
414,413,2.62
414,415,4.1
414,731,3.29
414,735,0.54
415,414,4.1
415,416,5.67
415,727,4.8
415,733,3.01
416,415,5.67
416,417,5.15
416,726,1.54
416,732,5.28
417,416,5.15
417,732,9.84
417,913,3.45
417,926,6.29
418,419,5.27
418,921,3.86
418,922,4.77
418,923,8.98
419,418,5.27
419,420,4.47
419,739,5.07
419,743,1.44
420,419,4.47
420,421,3.29
420,751,2.57
420,752,1.68
421,420,3.29
421,422,3.53
421,753,0.94
421,754,2.86
422,421,3.53
422,423,3.11
422,762,0.87
422,766,3.61
423,422,3.11
423,424,3.43
423,764,0.6
423,767,4.08
424,423,3.43
424,425,3.31
424,773,1.3
424,777,3.72
425,424,3.31
425,426,1.71
425,775,2.62
425,779,1.48
426,425,1.71
426,427,1.11
426,441,4.82
427,426,1.11
427,428,3.5
427,594,1.43
427,779,2.65
428,427,3.5
428,429,0.78
428,431,1.04
429,428,0.78
429,430,0.63
429,593,2.39
429,778,2.77
430,429,0.63
431,428,1.04
431,432,3.52
431,593,1.27
431,597,2.91
432,431,3.52
432,433,2.62
432,595,3.16
432,599,1.33
433,432,2.62
433,434,2.35
433,616,3.4
433,617,1.5
434,433,2.35
434,435,3.07
434,618,4.12
434,619,0.65
435,434,3.07
435,436,1.92
435,552,0.89
435,554,3.93
436,435,1.92
436,437,3.08
436,496,1.02
437,436,3.08
437,438,4.14
437,554,0.62
437,556,7.18
438,437,4.14
438,439,2.4
438,535,8.17
438,536,2.11
438,540,1.68
439,438,2.4
439,440,2.53
439,614,2.72
439,615,1.94
440,439,2.53
440,441,2.63
440,612,2.64
440,613,1.88
441,426,4.82
441,440,2.63
441,591,3.19
441,596,0.72
442,443,3.59
442,898,6.49
442,899,2.78
442,929,6.31
443,442,3.59
443,444,4.45
443,897,1.3
443,898,3.98
444,443,4.45
444,445,5
445,444,5
445,446,6.27
445,885,6.37
445,886,1.05
446,445,6.27
446,447,5.78
446,858,2.41
446,859,5.21
447,446,5.78
447,448,3.98
447,848,5.59
447,849,1.87
448,447,3.98
448,449,3.28
448,664,2.78
448,665,1.17
449,448,3.28
449,450,2
449,662,2.91
449,663,1.41
450,449,2
450,451,1.44
450,453,4.56
450,508,3.8
451,450,1.44
451,452,2.18
451,654,1.81
451,655,2.48
452,451,2.18
452,525,2.32
452,652,2.17
452,654,2.28
453,450,4.56
453,454,10.27
453,650,2.82
453,841,1.48
454,453,10.27
454,455,3.23
454,838,1.93
454,840,2.45
455,454,3.23
455,456,2.7
455,833,2.7
455,835,2.85
456,455,2.7
456,457,2.93
456,834,2.01
456,836,2.41
457,456,2.93
457,458,1.5
457,829,3.65
457,831,0.72
458,457,1.5
458,459,1.43
458,467,5.17
458,468,2.91
459,458,1.43
459,460,4.66
459,832,1.27
459,845,7.72
460,459,4.66
460,461,6.3
460,872,5.86
460,875,2.21
461,460,6.3
461,462,5.39
461,874,2.35
461,877,5.87
462,461,5.39
462,873,3.45
462,876,4.35
462,927,7.78
463,464,3.9
463,928,15.96
464,463,3.9
464,465,7.21
464,883,3.92
464,884,3.18
465,464,7.21
465,466,5.74
465,862,4.5
465,881,2.48
466,465,5.74
466,467,5.33
466,855,1.67
466,862,5.4
467,458,5.17
467,466,5.33
467,845,2.09
467,855,5.88
468,458,2.91
468,469,2.92
468,829,1.33
468,830,2.85
469,468,2.92
469,470,2.73
469,819,0.34
469,824,4.01
470,469,2.73
470,471,4.12
470,817,0.74
470,822,3.36
471,470,4.12
471,472,2.92
471,815,3.84
471,816,0.61
472,471,2.92
472,473,1.75
472,813,1.39
472,815,2.22
473,472,1.75
473,474,3.23
473,475,3.17
473,707,4.39
473,813,1.44
474,473,3.23
474,538,3.32
474,701,1.73
474,706,2.45
475,473,3.17
475,476,1.68
475,706,3.08
475,707,1.74
476,475,1.68
476,477,3.71
476,705,2.02
476,707,2.79
477,476,3.71
477,478,2.53
477,503,0.88
477,504,0.95
478,477,2.53
478,479,3.24
478,633,1.91
478,703,2.69
479,478,3.24
479,480,1.32
479,629,2.12
479,693,1.88
480,479,1.32
480,481,1.41
480,483,1.68
480,484,2.13
480,486,2.03
481,480,1.41
481,482,0.54
481,483,1.67
481,691,2.42
482,481,0.54
483,480,1.68
483,481,1.67
483,539,3.33
483,693,0.5
484,480,2.13
484,485,3.26
484,627,1.98
484,629,3.65
485,484,3.26
485,489,2.66
485,626,1.68
485,628,2.84
486,480,2.03
486,535,0.29
486,627,2.22
486,691,2.4
487,488,2.65
487,535,4.12
487,681,1.36
487,682,3.04
488,405,1.01
488,487,2.65
488,680,2.97
488,682,2.77
489,485,2.66
489,490,1.06
489,630,2.68
489,631,4.23
490,489,1.06
490,491,2.61
490,557,3.59
490,631,3.8
491,490,2.61
491,492,2.84
491,558,3.2
491,559,0.6
492,491,2.84
492,493,1.37
492,561,3.09
492,562,0.49
493,492,1.37
493,494,2.24
493,497,1.94
493,562,1.26
493,564,1.37
494,493,2.24
494,495,2.81
494,561,1
494,563,2.33
495,494,2.81
495,496,2.56
495,551,4.69
495,560,0.94
496,436,1.02
496,495,2.56
496,553,1.3
496,556,3.71
497,493,1.94
497,498,0.66
498,497,0.66
498,499,1.34
498,533,1.61
499,498,1.34
499,500,2.84
499,567,1.56
499,569,2.32
500,499,2.84
500,501,3.61
500,566,1.82
500,570,1.36
501,500,3.61
501,502,3.49
501,571,2.49
501,636,0.62
502,501,3.49
502,503,3.87
502,632,1.67
502,634,3.91
503,477,0.88
503,502,3.87
503,504,0.52
503,633,3.5
504,477,0.95
504,503,0.52
504,505,3.51
504,635,0.45
505,504,3.51
505,506,2.42
505,634,1.48
505,639,2.42
506,505,2.42
506,507,3.92
506,639,1.8
506,644,2.59
507,506,3.92
507,508,7.86
507,578,8.09
507,646,1.51
508,450,3.8
508,507,7.86
508,509,2.41
509,508,2.41
509,510,3.24
509,659,0.59
509,667,5.05
510,509,3.24
510,511,0.3
510,658,0.37
510,666,4.08
511,510,0.3
511,512,2.21
511,521,3.12
511,522,4.7
512,511,2.21
512,513,3.73
512,661,0.58
512,670,7.48
513,512,3.73
513,514,5.31
513,902,3.59
513,905,9.12
514,513,5.31
514,515,4.43
514,903,2.61
514,905,11.27
515,514,4.43
515,516,5.77
515,534,1.61
515,544,0.29
515,932,5.93
516,515,5.77
516,517,6.07
516,903,8.96
516,906,1.62
517,516,6.07
517,518,6.64
517,908,2.55
517,909,4.39
518,517,6.64
518,911,5.26
518,912,1.64
518,930,9.32
519,520,0.75
519,521,2.72
519,668,0.64
519,670,3.14
520,519,0.75
521,511,3.12
521,519,2.72
521,666,0.55
521,670,3.93
522,511,4.7
522,523,7.31
523,522,7.31
523,530,2.24
523,545,0.12
524,525,3.24
524,545,4.42
524,578,4.67
524,647,1.58
525,452,2.32
525,524,3.24
525,652,2.57
525,657,2.51
526,527,6.01
526,528,9.84
526,541,0.44
526,546,3.23
527,526,6.01
527,542,0.65
527,543,3.97
527,546,4.24
528,526,9.84
528,529,1.43
528,573,5.67
528,575,0.88
529,528,1.43
529,530,2.05
529,531,1.22
530,523,2.24
530,529,2.05
530,575,2.74
530,577,2.81
531,529,1.22
531,532,1.65
531,573,3.42
531,574,2.95
532,531,1.65
532,533,1.51
532,569,2.95
532,574,2.23
533,498,1.61
533,532,1.51
533,568,1.26
533,569,2.98
534,515,1.61
534,543,3.31
534,933,5.96
535,438,8.17
535,486,0.29
535,487,4.12
536,438,2.11
536,537,3.23
536,615,1.52
537,399,4.28
537,536,3.23
537,608,3.31
537,610,0.81
538,409,1.47
538,474,3.32
538,699,0.45
538,704,4.18
539,409,2.86
539,483,3.33
539,694,0.62
539,704,4.88
540,438,1.68
540,583,0.56
540,622,1.75
541,526,0.44
541,582,5.76
541,902,8.02
542,527,0.65
542,902,4.21
542,903,6.14
543,527,3.97
543,534,3.31
543,903,1.4
544,515,0.29
544,903,5.39
544,904,3.25
545,523,0.12
545,524,4.42
545,577,3.61
545,580,1.5
546,526,3.23
546,527,4.24
547,1,0
547,548,3.26
547,549,4.89
547,621,2.89
548,2,0
548,547,3.26
548,550,5.81
548,552,4.49
548,618,3.52
549,3,0
549,547,4.89
549,550,3.28
549,551,4.21
550,4,0
550,548,5.81
550,549,3.28
550,551,5.18
550,552,7.77
550,553,3.92
550,560,5.4
551,5,0
551,495,4.69
551,549,4.21
551,550,5.18
551,563,3.08
552,6,0
552,435,0.89
552,548,4.49
552,550,7.77
552,553,4.56
552,618,4.34
552,619,4.8
553,7,0
553,496,1.3
553,550,3.92
553,552,4.56
553,560,3.97
554,8,0
554,435,3.93
554,437,0.62
554,614,5.04
554,619,4.97
554,622,5.79
554,625,3.39
555,9,0
555,556,6.36
555,622,4.89
555,624,2.68
555,625,1.58
556,10,0
556,437,7.18
556,496,3.71
556,555,6.36
556,557,5.92
556,560,5.63
556,624,9.28
557,11,0
557,490,3.59
557,556,5.92
557,558,3.99
557,559,5.64
557,624,9.25
557,630,3.75
558,12,0
558,491,3.2
558,557,3.99
558,560,4.03
558,561,4.26
559,13,0
559,491,0.6
559,557,5.64
559,562,5.66
559,566,4.58
559,631,6.1
560,14,0
560,495,0.94
560,550,5.4
560,553,3.97
560,556,5.63
560,558,4.03
560,561,4.38
561,15,0
561,492,3.09
561,494,1
561,558,4.26
561,560,4.38
562,16,0
562,492,0.49
562,493,1.26
562,559,5.66
562,563,5.61
562,567,3.21
563,17,0
563,494,2.33
563,551,3.08
563,562,5.61
563,564,2.14
564,18,0
564,493,1.37
564,563,2.14
564,565,2.16
565,19,0
565,564,2.16
565,568,2.08
565,569,6.55
566,20,0
566,500,1.82
566,559,4.58
566,567,5.43
566,631,7.28
567,21,0
567,499,1.56
567,562,3.21
567,566,5.43
568,22,0
568,533,1.26
568,565,2.08
568,574,3.08
569,23,0
569,499,2.32
569,532,2.95
569,533,2.98
569,565,6.55
569,570,5.59
569,572,7.9
569,573,5.09
570,24,0
570,500,1.36
570,569,5.59
570,571,6.49
570,572,5.31
571,25,0
571,501,2.49
571,570,6.49
571,572,5.79
571,631,6.73
571,632,7.76
571,634,6.3
571,637,4.49
572,26,0
572,569,7.9
572,570,5.31
572,571,5.79
572,573,4.91
572,576,4.2
572,637,6.45
573,27,0
573,528,5.67
573,531,3.42
573,569,5.09
573,572,4.91
573,577,4.91
574,28,0
574,531,2.95
574,532,2.23
574,568,3.08
574,575,4.87
575,29,0
575,528,0.88
575,530,2.74
575,574,4.87
575,580,6.05
575,581,4.12
576,30,0
576,572,4.2
576,577,6.38
576,578,6.34
576,637,5.8
576,643,3.53
577,31,0
577,530,2.81
577,545,3.61
577,573,4.91
577,576,6.38
577,578,4.63
578,32,0
578,507,8.09
578,524,4.67
578,576,6.34
578,577,4.63
578,579,7.28
578,580,6.38
578,643,3.79
578,645,5.85
579,33,0
579,578,7.28
579,580,4.25
579,582,5.09
579,647,3.52
579,656,6.63
580,34,0
580,545,1.5
580,575,6.05
580,578,6.38
580,579,4.25
580,581,9.79
580,582,6.48
581,35,0
581,575,4.12
581,580,9.79
581,582,6.8
582,36,0
582,541,5.76
582,579,5.09
582,580,6.48
582,581,6.8
582,660,5.88
583,37,0
583,540,0.56
584,38,0
584,394,4.97
584,395,3.88
584,586,6.15
584,588,6.06
584,605,8.07
584,710,5.72
584,712,7.48
584,768,10.15
584,808,10.64
585,39,0
585,401,1.7
585,586,4.01
585,587,4.63
585,771,3.88
586,40,0
586,584,6.15
586,585,4.01
586,588,4.44
586,772,3.83
587,41,0
587,400,0.88
587,585,4.63
587,588,4.73
587,592,5.37
587,604,4.12
588,42,0
588,397,3.02
588,584,6.06
588,586,4.44
588,587,4.73
589,43,0
589,590,4.48
589,591,3.67
589,594,4.18
589,775,4.97
590,44,0
590,401,1.81
590,589,4.48
590,592,4.28
590,776,4.76
591,45,0
591,441,3.19
591,589,3.67
591,592,4.61
591,608,5.22
591,613,3.78
592,46,0
592,587,5.37
592,590,4.28
592,591,4.61
592,608,4.37
592,609,5.04
593,47,0
593,429,2.39
593,431,1.27
593,594,4.54
593,595,4.19
594,48,0
594,427,1.43
594,589,4.18
594,593,4.54
594,596,4.63
595,49,0
595,432,3.16
595,593,4.19
595,596,4.09
595,612,7.06
595,617,4.67
596,50,0
596,441,0.72
596,594,4.63
596,595,4.09
596,612,4.23
596,613,6.09
597,51,0
597,431,2.91
597,599,4.53
597,778,10.64
598,52,0
598,599,4.25
598,616,4.51
598,620,3.95
599,53,0
599,432,1.33
599,597,4.53
599,598,4.25
599,616,5.88
599,617,4.54
600,54,0
600,395,1.36
600,601,3.74
600,602,3.32
600,605,3.66
601,55,0
601,394,1.75
601,600,3.74
601,603,3.9
601,716,5.17
602,56,0
602,600,3.32
602,603,3.82
602,607,4.53
602,671,4.72
603,57,0
603,601,3.9
603,602,3.82
603,672,3.78
603,718,3.99
604,58,0
604,397,1.28
604,399,3.32
604,587,4.12
604,605,4.09
604,606,3.71
605,59,0
605,584,8.07
605,600,3.66
605,604,4.09
605,607,5.5
606,60,0
606,403,2.84
606,604,3.71
606,607,4.09
606,675,6.4
607,61,0
607,602,4.53
607,605,5.5
607,606,4.09
607,676,6.87
608,62,0
608,537,3.31
608,591,5.22
608,592,4.37
608,609,4.42
608,613,4.3
609,63,0
609,399,0.88
609,400,6.72
609,592,5.04
609,608,4.42
609,611,3.81
610,64,0
610,537,0.81
610,611,3.73
610,615,4.19
610,679,4.77
611,65,0
611,403,2.07
611,609,3.81
611,610,3.73
611,680,4.34
612,66,0
612,440,2.64
612,595,7.06
612,596,4.23
612,614,4.27
612,617,4.39
613,67,0
613,440,1.88
613,591,3.78
613,596,6.09
613,608,4.3
613,615,3.61
614,68,0
614,439,2.72
614,554,5.04
614,612,4.27
614,619,5.65
614,622,6.06
615,69,0
615,439,1.94
615,536,1.52
615,610,4.19
615,613,3.61
615,622,5.03
616,70,0
616,433,3.4
616,598,4.51
616,599,5.88
616,618,3.18
616,620,3.79
617,71,0
617,433,1.5
617,595,4.67
617,599,4.54
617,612,4.39
617,619,3.36
618,72,0
618,434,4.12
618,548,3.52
618,552,4.34
618,616,3.18
618,621,3.88
619,73,0
619,434,0.65
619,552,4.8
619,554,4.97
619,614,5.65
619,617,3.36
620,74,0
620,598,3.95
620,616,3.79
620,621,2.61
621,75,0
621,547,2.89
621,618,3.88
621,620,2.61
622,76,0
622,540,1.75
622,554,5.79
622,555,4.89
622,614,6.06
622,615,5.03
622,623,5.02
622,625,4.8
623,77,0
623,622,5.02
623,624,6.26
623,627,4.83
623,681,4.31
624,78,0
624,555,2.68
624,556,9.28
624,557,9.25
624,623,6.26
624,626,4.43
625,79,0
625,554,3.39
625,555,1.58
625,622,4.8
626,80,0
626,485,1.68
626,624,4.43
626,627,5.1
626,630,4.32
627,81,0
627,484,1.98
627,486,2.22
627,623,4.83
627,626,5.1
628,82,0
628,485,2.84
628,629,4.78
628,631,6.55
628,632,4.99
629,83,0
629,479,2.12
629,484,3.65
629,628,4.78
629,633,4.89
630,84,0
630,489,2.68
630,557,3.75
630,626,4.32
631,85,0
631,489,4.23
631,490,3.8
631,559,6.1
631,566,7.28
631,571,6.73
631,628,6.55
631,636,4.37
632,86,0
632,502,1.67
632,571,7.76
632,628,4.99
632,633,4.53
632,636,4.17
633,87,0
633,478,1.91
633,503,3.5
633,629,4.89
633,632,4.53
634,88,0
634,502,3.91
634,505,1.48
634,571,6.3
634,635,3.86
634,637,5.42
635,89,0
635,504,0.45
635,634,3.86
635,640,3.64
635,705,4.23
636,90,0
636,501,0.62
636,631,4.37
636,632,4.17
637,91,0
637,571,4.49
637,572,6.45
637,576,5.8
637,634,5.42
637,644,4.49
638,92,0
638,640,6.63
638,642,5.44
638,707,4.12
638,815,5.72
638,825,3.63
638,826,4.8
639,93,0
639,505,2.42
639,506,1.8
639,640,3.51
639,641,4.75
640,94,0
640,635,3.64
640,638,6.63
640,639,3.51
640,642,4.39
641,95,0
641,639,4.75
641,642,3.55
641,646,3.9
641,648,4.68
642,96,0
642,638,5.44
642,640,4.39
642,641,3.55
642,649,4.29
643,97,0
643,576,3.53
643,578,3.79
643,644,4.93
644,98,0
644,506,2.59
644,637,4.49
644,643,4.93
644,646,5.23
645,99,0
645,578,5.85
645,646,4.42
645,647,3.97
645,652,3.82
646,100,0
646,507,1.51
646,641,3.9
646,644,5.23
646,645,4.42
646,653,4.14
647,101,0
647,524,1.58
647,579,3.52
647,645,3.97
647,657,3.63
648,102,0
648,641,4.68
648,649,4.48
648,650,3.99
648,653,3.95
649,103,0
649,642,4.29
649,648,4.48
649,651,3.9
649,825,4.01
650,104,0
650,453,2.82
650,648,3.99
650,651,4.35
650,655,4.94
651,105,0
651,649,3.9
651,650,4.35
651,827,3.99
651,842,4.5
652,106,0
652,452,2.17
652,525,2.57
652,645,3.82
652,653,4.29
653,107,0
653,646,4.14
653,648,3.95
653,652,4.29
653,655,4.81
654,108,0
654,451,1.81
654,452,2.28
654,659,4.81
654,662,4.35
655,109,0
655,451,2.48
655,650,4.94
655,653,4.81
655,663,4.39
656,110,0
656,579,6.63
656,657,5.64
656,658,4.75
656,660,3.83
657,111,0
657,525,2.51
657,647,3.63
657,656,5.64
657,659,5.22
658,112,0
658,510,0.37
658,656,4.75
658,659,5.56
658,661,3.63
659,113,0
659,509,0.59
659,654,4.81
659,657,5.22
659,658,5.56
660,114,0
660,582,5.88
660,656,3.83
660,661,4.61
660,902,6.04
661,115,0
661,512,0.58
661,658,3.63
661,660,4.61
661,902,7.95
662,116,0
662,449,2.91
662,654,4.35
662,664,3.79
662,667,5.39
663,117,0
663,449,1.41
663,655,4.39
663,665,4.29
663,841,4.16
664,118,0
664,448,2.78
664,662,3.79
664,669,3.84
664,849,5.88
665,119,0
665,448,1.17
665,663,4.29
665,843,3.73
665,849,6.48
666,120,0
666,510,4.08
666,521,0.55
666,667,4.68
666,668,4.18
667,121,0
667,509,5.05
667,662,5.39
667,666,4.68
667,669,4.32
668,122,0
668,519,0.64
668,666,4.18
668,669,4.75
668,850,3.84
669,123,0
669,664,3.84
669,667,4.32
669,668,4.75
669,851,4.62
670,124,0
670,512,7.48
670,519,3.14
670,521,3.93
670,854,10.31
670,902,10.36
670,905,10
671,125,0
671,602,4.72
671,672,3.66
671,673,3.99
671,676,3.91
672,126,0
672,603,3.78
672,671,3.66
672,674,3.99
672,722,3.58
673,127,0
673,671,3.99
673,674,3.83
673,678,3.66
673,683,4.27
674,128,0
674,672,3.99
674,673,3.83
674,684,4.29
674,724,4.5
675,129,0
675,404,3.14
675,606,6.4
675,676,4.32
675,677,4
676,130,0
676,607,6.87
676,671,3.91
676,675,4.32
676,678,4.09
677,131,0
677,406,2
677,675,4
677,678,4.53
677,687,4.37
678,132,0
678,673,3.66
678,676,4.09
678,677,4.53
678,688,4.18
679,133,0
679,610,4.77
679,680,3.4
679,681,4.69
680,134,0
680,404,1.27
680,488,2.97
680,611,4.34
680,679,3.4
681,135,0
681,487,1.36
681,623,4.31
681,679,4.69
681,691,4
682,136,0
682,406,2.45
682,487,3.04
682,488,2.77
682,692,4
683,137,0
683,673,4.27
683,684,4.5
683,685,3.73
683,688,4.19
684,138,0
684,674,4.29
684,683,4.5
684,728,3.91
685,139,0
685,411,3.04
685,683,3.73
685,686,3.5
685,690,3.82
686,140,0
686,685,3.5
686,730,3.91
687,141,0
687,407,1.71
687,677,4.37
687,688,4.42
687,689,5.02
688,142,0
688,678,4.18
688,683,4.19
688,687,4.42
688,690,5.32
689,143,0
689,408,2.19
689,687,5.02
689,690,4
689,699,4.83
690,144,0
690,410,2.9
690,685,3.82
690,688,5.32
690,689,4
691,145,0
691,481,2.42
691,486,2.4
691,681,4
691,692,4.22
692,146,0
692,407,2.47
692,682,4
692,691,4.22
692,694,5.17
693,147,0
693,479,1.88
693,483,0.5
693,694,4.28
693,703,5.13
694,148,0
694,408,2.11
694,539,0.62
694,692,5.17
694,693,4.28
695,149,0
695,411,1.04
695,696,3.99
695,697,4.63
695,700,5.5
696,150,0
696,695,3.99
696,698,4.31
696,734,4.2
697,151,0
697,695,4.63
697,698,3.95
697,702,3.97
697,809,3.95
698,152,0
698,696,4.31
698,697,3.95
698,736,4.32
698,810,4.67
699,153,0
699,538,0.45
699,689,4.83
699,700,4.09
699,701,3.66
700,154,0
700,410,1.09
700,695,5.5
700,699,4.09
700,702,5.1
701,155,0
701,474,1.73
701,699,3.66
701,702,3.44
701,813,4.43
702,156,0
702,697,3.97
702,700,5.1
702,701,3.44
702,814,4.55
703,157,0
703,478,2.69
703,693,5.13
703,704,4.29
703,705,4.18
704,158,0
704,538,4.18
704,539,4.88
704,703,4.29
704,706,4.55
705,159,0
705,476,2.02
705,635,4.23
705,703,4.18
705,706,4.14
706,160,0
706,474,2.45
706,475,3.08
706,704,4.55
706,705,4.14
707,161,0
707,473,4.39
707,475,1.74
707,476,2.79
707,638,4.12
708,162,0
708,388,2.9
708,709,6.96
708,714,6.99
708,913,20.04
709,163,0
709,391,0.53
709,708,6.96
709,711,5.49
709,713,5.92
709,803,7.69
710,164,0
710,584,5.72
710,712,5.11
710,806,3.52
711,165,0
711,709,5.49
711,713,4.09
711,807,3.19
712,166,0
712,393,2.62
712,584,7.48
712,710,5.11
712,713,4.28
713,167,0
713,392,1.05
713,709,5.92
713,711,4.09
713,712,4.28
713,716,6.77
714,168,0
714,708,6.99
714,715,6.66
714,720,6.95
714,913,13.61
715,169,0
715,391,6.36
715,714,6.66
715,717,5.36
715,719,5.28
715,721,6.62
716,170,0
716,393,1.87
716,601,5.17
716,713,6.77
716,717,4.09
716,718,4.45
717,171,0
717,392,2.98
717,715,5.36
717,716,4.09
717,719,3.9
718,172,0
718,603,3.99
718,716,4.45
718,719,3.73
718,722,3.79
719,173,0
719,715,5.28
719,717,3.9
719,718,3.73
719,723,3.95
720,174,0
720,714,6.95
720,721,6.58
720,726,7.07
720,913,9.25
721,175,0
721,715,6.62
721,720,6.58
721,723,5.41
721,725,5.5
721,727,7.03
722,176,0
722,672,3.58
722,718,3.79
722,723,4.28
722,724,4
723,177,0
723,719,3.95
723,721,5.41
723,722,4.28
723,725,4.08
724,178,0
724,674,4.5
724,722,4
724,725,4
724,728,3.74
725,179,0
725,721,5.5
725,723,4.08
725,724,4
725,729,4.39
726,180,0
726,416,1.54
726,720,7.07
726,727,6.74
726,913,9.38
727,181,0
727,415,4.8
727,721,7.03
727,726,6.74
727,729,5.71
727,731,5.26
728,182,0
728,684,3.91
728,724,3.74
728,729,4
728,730,4.18
729,183,0
729,725,4.39
729,727,5.71
729,728,4
729,731,4.3
730,184,0
730,413,3.35
730,686,3.91
730,728,4.18
730,731,4.49
731,185,0
731,414,3.29
731,727,5.26
731,729,4.3
731,730,4.49
732,186,0
732,416,5.28
732,417,9.84
732,733,6.82
732,864,7.94
733,187,0
733,415,3.01
733,732,6.82
733,735,5.96
733,737,5.9
733,865,6.95
734,188,0
734,413,0.65
734,696,4.2
734,735,3.91
734,736,4.88
735,189,0
735,414,0.54
735,733,5.96
735,734,3.91
735,737,5.19
736,190,0
736,698,4.32
736,734,4.88
736,737,4.67
736,866,6.66
737,191,0
737,733,5.9
737,735,5.19
737,736,4.67
737,866,5.36
738,192,0
738,740,4.28
738,742,5.38
738,746,8.62
738,784,3.52
738,920,8.24
739,193,0
739,419,5.07
739,740,4.11
739,741,3.38
739,921,5.84
740,194,0
740,738,4.28
740,739,4.11
740,742,3.99
740,920,7.59
741,195,0
741,739,3.38
741,742,4.07
741,743,6.77
741,747,3.8
742,196,0
742,738,5.38
742,740,3.99
742,741,4.07
742,748,3.74
743,197,0
743,419,1.44
743,741,6.77
743,744,7.11
743,745,7.62
743,751,6.11
743,752,6.51
743,921,8.94
743,922,9.71
744,198,0
744,743,7.11
744,745,3.79
744,922,6.24
745,199,0
745,743,7.62
745,744,3.79
745,755,4.75
746,200,0
746,738,8.62
746,748,4.66
746,750,4.84
746,757,7.09
746,792,3.98
747,201,0
747,741,3.8
747,748,4.52
747,749,3.85
747,752,4.47
748,202,0
748,742,3.74
748,746,4.66
748,747,4.52
748,750,4.92
749,203,0
749,747,3.85
749,750,5.32
749,754,4.1
749,758,3.65
750,204,0
750,746,4.84
750,748,4.92
750,749,5.32
750,759,4.09
751,205,0
751,420,2.57
751,743,6.11
751,753,4.36
751,755,4.87
752,206,0
752,420,1.68
752,743,6.51
752,747,4.47
752,754,3.69
753,207,0
753,421,0.94
753,751,4.36
753,756,4.66
753,762,3.45
754,208,0
754,421,2.86
754,749,4.1
754,752,3.69
754,763,3.86
755,209,0
755,745,4.75
755,751,4.87
755,756,4.52
756,210,0
756,753,4.66
756,755,4.52
756,766,4.83
757,211,0
757,746,7.09
757,759,4.43
757,761,4.7
757,768,7.48
757,800,3.71
758,212,0
758,749,3.65
758,759,3.87
758,760,3.87
758,763,4.07
759,213,0
759,750,4.09
759,757,4.43
759,758,3.87
759,761,3.59
760,214,0
760,758,3.87
760,761,3.63
760,765,4.63
760,769,3.6
761,215,0
761,757,4.7
761,759,3.59
761,760,3.63
761,770,3.82
762,216,0
762,422,0.87
762,753,3.45
762,763,4.19
762,764,4.48
763,217,0
763,754,3.86
763,758,4.07
763,762,4.19
763,765,4.7
764,218,0
764,423,0.6
764,762,4.48
764,765,4.25
764,773,4.13
765,219,0
765,760,4.63
765,763,4.7
765,764,4.25
765,774,4.01
766,220,0
766,422,3.61
766,756,4.83
766,767,3.66
767,221,0
767,423,4.08
767,766,3.66
767,777,4.58
768,222,0
768,584,10.15
768,757,7.48
768,770,6.33
768,772,5.19
768,808,3.59
769,223,0
769,760,3.6
769,770,3.79
769,771,4.54
769,774,5.21
770,224,0
770,761,3.82
770,768,6.33
770,769,3.79
770,772,4.05
771,225,0
771,585,3.88
771,769,4.54
771,772,3.94
771,776,3.9
772,226,0
772,586,3.83
772,768,5.19
772,770,4.05
772,771,3.94
773,227,0
773,424,1.3
773,764,4.13
773,774,4.05
773,775,3.38
774,228,0
774,765,4.01
774,769,5.21
774,773,4.05
774,776,4.01
775,229,0
775,425,2.62
775,589,4.97
775,773,3.38
775,776,3.81
776,230,0
776,590,4.76
776,771,3.9
776,774,4.01
776,775,3.81
777,231,0
777,424,3.72
777,767,4.58
777,778,4.66
777,779,3.78
778,232,0
778,429,2.77
778,597,10.64
778,777,4.66
778,779,5.18
779,233,0
779,425,1.48
779,427,2.65
779,777,3.78
779,778,5.18
780,234,0
780,781,7.09
780,785,8.54
780,914,13.52
780,916,7.93
781,235,0
781,780,7.09
781,782,6.76
781,786,6.76
781,917,7.44
782,236,0
782,781,6.76
782,783,7.02
782,787,7.12
782,917,8.24
782,918,9.5
783,237,0
783,782,7.02
783,784,4.94
783,788,5.53
783,789,5.68
783,918,9.98
783,919,9
784,238,0
784,738,3.52
784,783,4.94
784,792,7.73
784,919,7.35
785,239,0
785,780,8.54
785,786,7.03
785,793,6.96
785,914,9.24
786,240,0
786,781,6.76
786,785,7.03
786,787,6.96
786,794,6.89
787,241,0
787,782,7.12
787,786,6.96
787,789,6.03
787,791,5.74
787,795,7.03
788,242,0
788,783,5.53
788,789,4.39
788,790,3.38
788,792,3.5
789,243,0
789,783,5.68
789,787,6.03
789,788,4.39
789,791,3.45
790,244,0
790,788,3.38
790,791,4.62
790,792,3.42
790,796,3.98
791,245,0
791,787,5.74
791,789,3.45
791,790,4.62
791,797,3.65
792,246,0
792,746,3.98
792,784,7.73
792,788,3.5
792,790,3.42
792,800,7.99
793,247,0
793,785,6.96
793,794,6.96
793,801,7.03
793,914,8.7
794,248,0
794,786,6.89
794,793,6.96
794,795,7.03
794,802,7.41
795,249,0
795,787,7.03
795,794,7.03
795,797,5.8
795,799,5.71
795,803,7.33
796,250,0
796,790,3.98
796,797,3.58
796,798,4.39
796,800,3.31
797,251,0
797,791,3.65
797,795,5.8
797,796,3.58
797,799,3.65
798,252,0
798,796,4.39
798,799,3.66
798,800,3.46
798,804,4.48
799,253,0
799,795,5.71
799,797,3.65
799,798,3.66
799,805,3.6
800,254,0
800,757,3.71
800,792,7.99
800,796,3.31
800,798,3.46
800,808,12.39
801,255,0
801,389,9.58
801,793,7.03
801,802,7.09
801,913,24.92
802,256,0
802,388,4.78
802,794,7.41
802,801,7.09
802,803,6.96
803,257,0
803,709,7.69
803,795,7.33
803,802,6.96
803,805,5.9
803,807,5.74
804,258,0
804,798,4.48
804,805,3.6
804,806,3.8
804,808,3.44
805,259,0
805,799,3.6
805,803,5.9
805,804,3.6
805,807,3.81
806,260,0
806,710,3.52
806,804,3.8
806,807,5.86
806,808,3.62
807,261,0
807,711,3.19
807,803,5.74
807,805,3.81
807,806,5.86
808,262,0
808,584,10.64
808,768,3.59
808,800,12.39
808,804,3.44
808,806,3.62
809,263,0
809,697,3.95
809,810,4.17
809,811,3.95
809,814,3.71
810,264,0
810,698,4.67
810,809,4.17
810,812,4.01
810,866,6.49
811,265,0
811,809,3.95
811,812,3.84
811,816,3.81
811,817,3.87
812,266,0
812,810,4.01
812,811,3.84
812,818,3.89
812,866,6.47
813,267,0
813,472,1.39
813,473,1.44
813,701,4.43
813,814,3.76
814,268,0
814,702,4.55
814,809,3.71
814,813,3.76
814,816,3.95
815,269,0
815,471,3.84
815,472,2.22
815,638,5.72
815,821,3.58
816,270,0
816,471,0.61
816,811,3.81
816,814,3.95
816,822,3.9
817,271,0
817,470,0.74
817,811,3.87
817,818,4.12
817,819,3.51
818,272,0
818,812,3.89
818,817,4.12
818,820,4.26
818,869,6.33
819,273,0
819,469,0.34
819,817,3.51
819,820,3.52
819,829,3.79
820,274,0
820,818,4.26
820,819,3.52
820,830,4.75
820,869,5.66
821,275,0
821,815,3.58
821,822,3.95
821,823,3.73
821,826,4.39
822,276,0
822,470,3.36
822,816,3.9
822,821,3.95
822,824,3.95
823,277,0
823,821,3.73
823,824,3.95
823,828,3.84
823,833,4.11
824,278,0
824,469,4.01
824,822,3.95
824,823,3.95
824,834,5.01
825,279,0
825,638,3.63
825,649,4.01
825,826,3.68
825,827,4.35
826,280,0
826,638,4.8
826,821,4.39
826,825,3.68
826,828,3.94
827,281,0
827,651,3.99
827,825,4.35
827,828,3.99
827,837,3.84
828,282,0
828,823,3.84
828,826,3.94
828,827,3.99
828,838,3.63
829,283,0
829,457,3.65
829,468,1.33
829,819,3.79
829,834,5.31
830,284,0
830,468,2.85
830,820,4.75
830,832,4.11
830,872,5.96
831,285,0
831,457,0.72
831,836,3.68
831,845,5.97
832,286,0
832,459,1.27
832,830,4.11
832,872,6.29
833,287,0
833,455,2.7
833,823,4.11
833,834,4.89
833,838,4.51
834,288,0
834,456,2.01
834,824,5.01
834,829,5.31
834,833,4.89
835,289,0
835,455,2.85
835,836,3.73
835,840,3.85
835,846,6.96
836,290,0
836,456,2.41
836,831,3.68
836,835,3.73
836,846,6.34
837,291,0
837,827,3.84
837,838,3.79
837,839,4.94
837,842,3.61
838,292,0
838,454,1.93
838,828,3.63
838,833,4.51
838,837,3.79
839,293,0
839,837,4.94
839,840,3.9
839,844,3.95
839,847,6.38
840,294,0
840,454,2.45
840,835,3.85
840,839,3.9
840,847,6.4
841,295,0
841,453,1.48
841,663,4.16
841,842,3.9
841,843,4.18
842,296,0
842,651,4.5
842,837,3.61
842,841,3.9
842,844,3.9
843,297,0
843,665,3.73
843,841,4.18
843,844,4.25
843,848,6.45
844,298,0
844,839,3.95
844,842,3.9
844,843,4.25
844,848,6
845,299,0
845,459,7.72
845,467,2.09
845,831,5.97
845,846,7.86
845,875,7.14
846,300,0
846,835,6.96
846,836,6.34
846,845,7.86
846,847,7.67
846,856,7.52
847,301,0
847,839,6.38
847,840,6.4
847,846,7.67
847,848,7.62
847,857,8.29
848,302,0
848,447,5.59
848,843,6.45
848,844,6
848,847,7.62
848,858,7.25
849,303,0
849,447,1.87
849,664,5.88
849,665,6.48
849,851,7.13
849,853,6.45
849,859,7.36
850,304,0
850,668,3.84
850,851,4.8
850,852,3.67
850,854,3.38
851,305,0
851,669,4.62
851,849,7.13
851,850,4.8
851,853,4.11
852,306,0
852,850,3.67
852,853,3.49
852,854,3.85
852,860,6.08
853,307,0
853,849,6.45
853,851,4.11
853,852,3.49
853,860,5.77
854,308,0
854,670,10.31
854,850,3.38
854,852,3.85
854,861,9.03
854,905,8.33
854,907,5.97
855,309,0
855,466,1.67
855,467,5.88
855,856,7.41
855,878,7.99
856,310,0
856,846,7.52
856,855,7.41
856,857,7.62
856,863,7.07
857,311,0
857,847,8.29
857,856,7.62
857,858,7.46
857,885,7.39
858,312,0
858,446,2.41
858,848,7.25
858,857,7.46
858,886,7.67
859,313,0
859,446,5.21
859,849,7.36
859,860,8.17
859,887,9.21
860,314,0
860,852,6.08
860,853,5.77
860,859,8.17
860,861,4.69
860,888,8.33
861,315,0
861,854,9.03
861,860,4.69
861,888,9.06
861,907,6.57
861,910,9.61
862,316,0
862,465,4.5
862,466,5.4
862,863,8.47
862,889,7.5
863,317,0
863,856,7.07
863,862,8.47
863,885,7.05
863,890,8.98
864,318,0
864,732,7.94
864,865,6.74
864,867,8.61
864,913,23.35
865,319,0
865,733,6.95
865,864,6.74
865,866,7.02
865,868,12.32
866,320,0
866,736,6.66
866,737,5.36
866,810,6.49
866,812,6.47
866,865,7.02
866,868,10.37
866,869,8.23
867,321,0
867,864,8.61
867,868,7.39
867,870,6.87
868,322,0
868,865,12.32
868,866,10.37
868,867,7.39
868,869,7.02
868,871,8.29
869,323,0
869,818,6.33
869,820,5.66
869,866,8.23
869,868,7.02
869,872,7.96
870,324,0
870,867,6.87
870,871,7.78
871,325,0
871,868,8.29
871,870,7.78
871,872,6.94
871,874,7.87
872,326,0
872,460,5.86
872,830,5.96
872,832,6.29
872,869,7.96
872,871,6.94
873,327,0
873,462,3.45
873,874,7.7
874,328,0
874,461,2.35
874,871,7.87
874,873,7.7
874,875,6.81
875,329,0
875,460,2.21
875,845,7.14
875,874,6.81
875,878,8.17
876,330,0
876,462,4.35
876,877,7.71
876,879,8.12
877,331,0
877,461,5.87
877,876,7.71
877,878,7.62
877,880,7.79
878,332,0
878,855,7.99
878,875,8.17
878,877,7.62
878,881,7.94
879,333,0
879,876,8.12
879,880,7.78
879,882,7.87
880,334,0
880,877,7.79
880,879,7.78
880,881,7.8
880,883,7.01
881,335,0
881,465,2.48
881,878,7.94
881,880,7.8
881,884,7.09
882,336,0
882,879,7.87
882,883,7.7
883,337,0
883,464,3.92
883,880,7.01
883,882,7.7
884,338,0
884,464,3.18
884,881,7.09
884,889,7.86
885,339,0
885,445,6.37
885,857,7.39
885,863,7.05
885,892,8.3
886,340,0
886,445,1.05
886,858,7.67
886,887,6.84
886,892,6.8
887,341,0
887,859,9.21
887,886,6.84
887,888,7.89
887,893,6.87
888,342,0
888,860,8.33
888,861,9.06
888,887,7.89
888,894,6.94
888,910,7.51
889,343,0
889,862,7.5
889,884,7.86
889,895,8.59
890,344,0
890,863,8.98
890,891,7.52
890,896,8.26
891,345,0
891,890,7.52
891,896,8.87
891,897,5.63
891,899,7.18
892,346,0
892,885,8.3
892,886,6.8
892,897,5.06
893,347,0
893,887,6.87
893,894,7.82
893,898,7.48
893,901,11.38
894,348,0
894,888,6.94
894,893,7.82
894,910,10.63
895,349,0
895,889,8.59
895,896,7.51
896,350,0
896,890,8.26
896,891,8.87
896,895,7.51
896,899,9.23
897,351,0
897,443,1.3
897,891,5.63
897,892,5.06
897,899,6.6
898,352,0
898,442,6.49
898,443,3.98
898,893,7.48
898,900,5.6
899,353,0
899,442,2.78
899,891,7.18
899,896,9.23
899,897,6.6
900,354,0
900,898,5.6
900,901,7.89
901,355,0
901,893,11.38
901,900,7.89
902,356,0
902,513,3.59
902,541,8.02
902,542,4.21
902,660,6.04
902,661,7.95
902,670,10.36
903,357,0
903,514,2.61
903,516,8.96
903,542,6.14
903,543,1.4
903,544,5.39
904,358,0
904,544,3.25
904,906,8.14
905,359,0
905,513,9.12
905,514,11.27
905,670,10
905,854,8.33
905,906,9.68
905,907,7.1
906,360,0
906,516,1.62
906,904,8.14
906,905,9.68
906,908,7.63
906,909,11.48
906,931,14.78
907,361,0
907,854,5.97
907,861,6.57
907,905,7.1
907,908,7.76
907,910,11.06
908,362,0
908,517,2.55
908,906,7.63
908,907,7.76
908,911,11.42
908,912,12.32
909,363,0
909,517,4.39
909,906,11.48
909,912,9.83
910,364,0
910,861,9.61
910,888,7.51
910,894,10.63
910,907,11.06
910,911,7.03
911,365,0
911,518,5.26
911,908,11.42
911,910,7.03
912,366,0
912,518,1.64
912,908,12.32
912,909,9.83
913,367,0
913,417,3.45
913,708,20.04
913,714,13.61
913,720,9.25
913,726,9.38
913,801,24.92
913,864,23.35
914,368,0
914,389,3.96
914,780,13.52
914,785,9.24
914,793,8.7
914,915,21.86
915,369,0
915,914,21.86
915,916,7.84
916,370,0
916,780,7.93
916,915,7.84
916,917,7.64
917,371,0
917,781,7.44
917,782,8.24
917,916,7.64
917,918,8.14
918,372,0
918,782,9.5
918,783,9.98
918,917,8.14
918,919,7.89
919,373,0
919,783,9
919,784,7.35
919,918,7.89
919,920,6.88
919,924,10.18
920,374,0
920,738,8.24
920,740,7.59
920,919,6.88
920,921,7.14
921,375,0
921,418,3.86
921,739,5.84
921,743,8.94
921,920,7.14
922,376,0
922,418,4.77
922,743,9.71
922,744,6.24
923,377,0
923,418,8.98
924,378,0
924,919,10.18
925,379,0
925,390,6.93
926,380,0
926,417,6.29
927,381,0
927,462,7.78
928,382,0
928,463,15.96
929,383,0
929,442,6.31
930,384,0
930,518,9.32
931,385,0
931,906,14.78
932,386,0
932,515,5.93
933,387,0
933,534,5.96
